"","Position","Change","ID","VAF"
"1",463,"C>A","Cell_1",0
"2",463,"C>A","Cell_2",0
"3",463,"C>A","Cell_3",0
"4",463,"C>A","Cell_4",0
"5",463,"C>A","Cell_5",0
"6",463,"C>A","Cell_6",0
"7",463,"C>A","Cell_7",0
"8",583,"G>A","Cell_1",0
"9",583,"G>A","Cell_2",0
"10",583,"G>A","Cell_3",0
"11",583,"G>A","Cell_4",0
"12",583,"G>A","Cell_5",0
"13",583,"G>A","Cell_6",0
"14",583,"G>A","Cell_7",0.285714285714286
"15",796,"G>A","Cell_1",0
"16",796,"G>A","Cell_2",0
"17",796,"G>A","Cell_3",0
"18",796,"G>A","Cell_4",0
"19",796,"G>A","Cell_5",0
"20",796,"G>A","Cell_6",0
"21",796,"G>A","Cell_7",0
"22",991,"G>A","Cell_1",0
"23",991,"G>A","Cell_2",0
"24",991,"G>A","Cell_3",0
"25",991,"G>A","Cell_4",0
"26",991,"G>A","Cell_5",0
"27",991,"G>A","Cell_6",0
"28",991,"G>A","Cell_7",0
"29",1018,"G>A","Cell_1",0
"30",1018,"G>A","Cell_2",0
"31",1018,"G>A","Cell_3",0
"32",1018,"G>A","Cell_4",0
"33",1018,"G>A","Cell_5",0
"34",1018,"G>A","Cell_6",0
"35",1018,"G>A","Cell_7",0
"36",1147,"G>A","Cell_1",0
"37",1147,"G>A","Cell_2",0.1
"38",1147,"G>A","Cell_3",0
"39",1147,"G>A","Cell_4",0
"40",1147,"G>A","Cell_5",0
"41",1147,"G>A","Cell_6",0
"42",1147,"G>A","Cell_7",0
"43",1263,"G>A","Cell_1",0
"44",1263,"G>A","Cell_2",0
"45",1263,"G>A","Cell_3",0
"46",1263,"G>A","Cell_4",0
"47",1263,"G>A","Cell_5",0
"48",1263,"G>A","Cell_6",0
"49",1263,"G>A","Cell_7",0
"50",1297,"G>A","Cell_1",0
"51",1297,"G>A","Cell_2",0
"52",1297,"G>A","Cell_3",0
"53",1297,"G>A","Cell_4",0
"54",1297,"G>A","Cell_5",0
"55",1297,"G>A","Cell_6",0
"56",1297,"G>A","Cell_7",0
"57",1315,"G>A","Cell_1",0
"58",1315,"G>A","Cell_2",0
"59",1315,"G>A","Cell_3",0
"60",1315,"G>A","Cell_4",0
"61",1315,"G>A","Cell_5",0
"62",1315,"G>A","Cell_6",0
"63",1315,"G>A","Cell_7",0
"64",1327,"G>A","Cell_1",0
"65",1327,"G>A","Cell_2",0
"66",1327,"G>A","Cell_3",0
"67",1327,"G>A","Cell_4",0
"68",1327,"G>A","Cell_5",0
"69",1327,"G>A","Cell_6",0
"70",1327,"G>A","Cell_7",0
"71",1415,"G>A","Cell_1",0
"72",1415,"G>A","Cell_2",0
"73",1415,"G>A","Cell_3",0
"74",1415,"G>A","Cell_4",0
"75",1415,"G>A","Cell_5",0
"76",1415,"G>A","Cell_6",0
"77",1415,"G>A","Cell_7",0
"78",1448,"T>A","Cell_1",0
"79",1448,"T>A","Cell_2",0
"80",1448,"T>A","Cell_3",0
"81",1448,"T>A","Cell_4",0
"82",1448,"T>A","Cell_5",0
"83",1448,"T>A","Cell_6",0
"84",1448,"T>A","Cell_7",0
"85",1608,"G>A","Cell_1",0
"86",1608,"G>A","Cell_2",0
"87",1608,"G>A","Cell_3",0
"88",1608,"G>A","Cell_4",0
"89",1608,"G>A","Cell_5",0
"90",1608,"G>A","Cell_6",0
"91",1608,"G>A","Cell_7",0
"92",1899,"G>A","Cell_1",0
"93",1899,"G>A","Cell_2",0
"94",1899,"G>A","Cell_3",0
"95",1899,"G>A","Cell_4",0
"96",1899,"G>A","Cell_5",0
"97",1899,"G>A","Cell_6",0
"98",1899,"G>A","Cell_7",0
"99",1958,"G>A","Cell_1",0
"100",1958,"G>A","Cell_2",0
"101",1958,"G>A","Cell_3",0
"102",1958,"G>A","Cell_4",0
"103",1958,"G>A","Cell_5",0
"104",1958,"G>A","Cell_6",0
"105",1958,"G>A","Cell_7",0
"106",2149,"G>A","Cell_1",0.363636363636364
"107",2149,"G>A","Cell_2",0.0909090909090909
"108",2149,"G>A","Cell_3",0.230769230769231
"109",2149,"G>A","Cell_4",0
"110",2149,"G>A","Cell_5",0
"111",2149,"G>A","Cell_6",0.8
"112",2149,"G>A","Cell_7",0
"113",2542,"G>A","Cell_1",0
"114",2542,"G>A","Cell_2",0
"115",2542,"G>A","Cell_3",0
"116",2542,"G>A","Cell_4",0
"117",2542,"G>A","Cell_5",0
"118",2542,"G>A","Cell_6",0
"119",2542,"G>A","Cell_7",0
"120",2574,"G>A","Cell_1",0
"121",2574,"G>A","Cell_2",0
"122",2574,"G>A","Cell_3",0
"123",2574,"G>A","Cell_4",0
"124",2574,"G>A","Cell_5",0
"125",2574,"G>A","Cell_6",0
"126",2574,"G>A","Cell_7",0
"127",2608,"G>A","Cell_1",0
"128",2608,"G>A","Cell_2",0
"129",2608,"G>A","Cell_3",0
"130",2608,"G>A","Cell_4",0
"131",2608,"G>A","Cell_5",0
"132",2608,"G>A","Cell_6",0
"133",2608,"G>A","Cell_7",0
"134",2896,"G>A","Cell_1",0
"135",2896,"G>A","Cell_2",0
"136",2896,"G>A","Cell_3",0
"137",2896,"G>A","Cell_4",0
"138",2896,"G>A","Cell_5",0
"139",2896,"G>A","Cell_6",0
"140",2896,"G>A","Cell_7",0
"141",3079,"G>A","Cell_1",0
"142",3079,"G>A","Cell_2",0
"143",3079,"G>A","Cell_3",0
"144",3079,"G>A","Cell_4",0
"145",3079,"G>A","Cell_5",0
"146",3079,"G>A","Cell_6",0
"147",3079,"G>A","Cell_7",0
"148",3315,"G>A","Cell_1",0
"149",3315,"G>A","Cell_2",0
"150",3315,"G>A","Cell_3",0
"151",3315,"G>A","Cell_4",0
"152",3315,"G>A","Cell_5",0
"153",3315,"G>A","Cell_6",0
"154",3315,"G>A","Cell_7",0
"155",3380,"G>A","Cell_1",0
"156",3380,"G>A","Cell_2",0
"157",3380,"G>A","Cell_3",0
"158",3380,"G>A","Cell_4",0
"159",3380,"G>A","Cell_5",0
"160",3380,"G>A","Cell_6",0
"161",3380,"G>A","Cell_7",0
"162",3413,"G>A","Cell_1",0
"163",3413,"G>A","Cell_2",0
"164",3413,"G>A","Cell_3",0
"165",3413,"G>A","Cell_4",0
"166",3413,"G>A","Cell_5",0
"167",3413,"G>A","Cell_6",0
"168",3413,"G>A","Cell_7",0
"169",3700,"G>A","Cell_1",0
"170",3700,"G>A","Cell_2",0
"171",3700,"G>A","Cell_3",0
"172",3700,"G>A","Cell_4",0
"173",3700,"G>A","Cell_5",0
"174",3700,"G>A","Cell_6",0
"175",3700,"G>A","Cell_7",0
"176",3842,"G>A","Cell_1",0
"177",3842,"G>A","Cell_2",0
"178",3842,"G>A","Cell_3",0
"179",3842,"G>A","Cell_4",0
"180",3842,"G>A","Cell_5",0
"181",3842,"G>A","Cell_6",0
"182",3842,"G>A","Cell_7",0
"183",3901,"G>A","Cell_1",0
"184",3901,"G>A","Cell_2",0
"185",3901,"G>A","Cell_3",0
"186",3901,"G>A","Cell_4",0
"187",3901,"G>A","Cell_5",0
"188",3901,"G>A","Cell_6",0
"189",3901,"G>A","Cell_7",0
"190",3916,"G>A","Cell_1",0
"191",3916,"G>A","Cell_2",0
"192",3916,"G>A","Cell_3",0
"193",3916,"G>A","Cell_4",0
"194",3916,"G>A","Cell_5",0
"195",3916,"G>A","Cell_6",0
"196",3916,"G>A","Cell_7",0
"197",4235,"C>A","Cell_1",0
"198",4235,"C>A","Cell_2",0
"199",4235,"C>A","Cell_3",0
"200",4235,"C>A","Cell_4",0
"201",4235,"C>A","Cell_5",0.2
"202",4235,"C>A","Cell_6",0
"203",4235,"C>A","Cell_7",0
"204",4429,"G>A","Cell_1",0.545454545454545
"205",4429,"G>A","Cell_2",0.125
"206",4429,"G>A","Cell_3",0
"207",4429,"G>A","Cell_4",0.176470588235294
"208",4429,"G>A","Cell_5",0.4
"209",4429,"G>A","Cell_6",0
"210",4429,"G>A","Cell_7",0
"211",4440,"G>A","Cell_1",0
"212",4440,"G>A","Cell_2",0
"213",4440,"G>A","Cell_3",0
"214",4440,"G>A","Cell_4",0
"215",4440,"G>A","Cell_5",0
"216",4440,"G>A","Cell_6",0
"217",4440,"G>A","Cell_7",0
"218",4719,"T>A","Cell_1",0
"219",4719,"T>A","Cell_2",0
"220",4719,"T>A","Cell_3",0
"221",4719,"T>A","Cell_4",0
"222",4719,"T>A","Cell_5",0
"223",4719,"T>A","Cell_6",0
"224",4719,"T>A","Cell_7",0
"225",4831,"G>A","Cell_1",0
"226",4831,"G>A","Cell_2",0
"227",4831,"G>A","Cell_3",0
"228",4831,"G>A","Cell_4",0.111111111111111
"229",4831,"G>A","Cell_5",0
"230",4831,"G>A","Cell_6",0
"231",4831,"G>A","Cell_7",0
"232",4841,"G>A","Cell_1",0
"233",4841,"G>A","Cell_2",0
"234",4841,"G>A","Cell_3",0
"235",4841,"G>A","Cell_4",0
"236",4841,"G>A","Cell_5",0
"237",4841,"G>A","Cell_6",0
"238",4841,"G>A","Cell_7",0
"239",4848,"G>A","Cell_1",0
"240",4848,"G>A","Cell_2",0
"241",4848,"G>A","Cell_3",0
"242",4848,"G>A","Cell_4",0
"243",4848,"G>A","Cell_5",0
"244",4848,"G>A","Cell_6",0
"245",4848,"G>A","Cell_7",0
"246",4959,"G>A","Cell_1",0
"247",4959,"G>A","Cell_2",0
"248",4959,"G>A","Cell_3",0
"249",4959,"G>A","Cell_4",0
"250",4959,"G>A","Cell_5",0
"251",4959,"G>A","Cell_6",0
"252",4959,"G>A","Cell_7",0
"253",4975,"G>A","Cell_1",0
"254",4975,"G>A","Cell_2",0
"255",4975,"G>A","Cell_3",0
"256",4975,"G>A","Cell_4",0
"257",4975,"G>A","Cell_5",0
"258",4975,"G>A","Cell_6",0
"259",4975,"G>A","Cell_7",0
"260",5237,"G>A","Cell_1",0
"261",5237,"G>A","Cell_2",0
"262",5237,"G>A","Cell_3",0
"263",5237,"G>A","Cell_4",0
"264",5237,"G>A","Cell_5",0.333333333333333
"265",5237,"G>A","Cell_6",0
"266",5237,"G>A","Cell_7",0
"267",5650,"G>A","Cell_1",0
"268",5650,"G>A","Cell_2",0
"269",5650,"G>A","Cell_3",0
"270",5650,"G>A","Cell_4",0
"271",5650,"G>A","Cell_5",0
"272",5650,"G>A","Cell_6",0
"273",5650,"G>A","Cell_7",0
"274",5660,"G>A","Cell_1",0
"275",5660,"G>A","Cell_2",0
"276",5660,"G>A","Cell_3",0
"277",5660,"G>A","Cell_4",0
"278",5660,"G>A","Cell_5",0
"279",5660,"G>A","Cell_6",0
"280",5660,"G>A","Cell_7",0
"281",5920,"G>A","Cell_1",0
"282",5920,"G>A","Cell_2",0
"283",5920,"G>A","Cell_3",0
"284",5920,"G>A","Cell_4",0
"285",5920,"G>A","Cell_5",0
"286",5920,"G>A","Cell_6",0
"287",5920,"G>A","Cell_7",0
"288",6028,"G>A","Cell_1",0
"289",6028,"G>A","Cell_2",0
"290",6028,"G>A","Cell_3",0
"291",6028,"G>A","Cell_4",0
"292",6028,"G>A","Cell_5",0
"293",6028,"G>A","Cell_6",0
"294",6028,"G>A","Cell_7",0
"295",6174,"G>A","Cell_1",0
"296",6174,"G>A","Cell_2",0
"297",6174,"G>A","Cell_3",0
"298",6174,"G>A","Cell_4",0
"299",6174,"G>A","Cell_5",0
"300",6174,"G>A","Cell_6",0
"301",6174,"G>A","Cell_7",0
"302",6261,"G>A","Cell_1",0
"303",6261,"G>A","Cell_2",0
"304",6261,"G>A","Cell_3",0.125
"305",6261,"G>A","Cell_4",0
"306",6261,"G>A","Cell_5",0
"307",6261,"G>A","Cell_6",0
"308",6261,"G>A","Cell_7",0
"309",6280,"G>A","Cell_1",0
"310",6280,"G>A","Cell_2",0
"311",6280,"G>A","Cell_3",0
"312",6280,"G>A","Cell_4",0
"313",6280,"G>A","Cell_5",0
"314",6280,"G>A","Cell_6",0
"315",6280,"G>A","Cell_7",0
"316",6300,"G>A","Cell_1",0
"317",6300,"G>A","Cell_2",0
"318",6300,"G>A","Cell_3",0
"319",6300,"G>A","Cell_4",0
"320",6300,"G>A","Cell_5",0
"321",6300,"G>A","Cell_6",0
"322",6300,"G>A","Cell_7",0
"323",6836,"C>A","Cell_1",0
"324",6836,"C>A","Cell_2",0
"325",6836,"C>A","Cell_3",0
"326",6836,"C>A","Cell_4",0
"327",6836,"C>A","Cell_5",0
"328",6836,"C>A","Cell_6",0
"329",6836,"C>A","Cell_7",0
"330",7026,"G>A","Cell_1",0
"331",7026,"G>A","Cell_2",0
"332",7026,"G>A","Cell_3",0
"333",7026,"G>A","Cell_4",0
"334",7026,"G>A","Cell_5",0
"335",7026,"G>A","Cell_6",0
"336",7026,"G>A","Cell_7",0
"337",7041,"G>A","Cell_1",0
"338",7041,"G>A","Cell_2",0
"339",7041,"G>A","Cell_3",0
"340",7041,"G>A","Cell_4",0
"341",7041,"G>A","Cell_5",0
"342",7041,"G>A","Cell_6",0
"343",7041,"G>A","Cell_7",0
"344",7048,"C>A","Cell_1",0
"345",7048,"C>A","Cell_2",0
"346",7048,"C>A","Cell_3",0
"347",7048,"C>A","Cell_4",0
"348",7048,"C>A","Cell_5",0
"349",7048,"C>A","Cell_6",0
"350",7048,"C>A","Cell_7",0
"351",7211,"G>A","Cell_1",0.55
"352",7211,"G>A","Cell_2",0.333333333333333
"353",7211,"G>A","Cell_3",0.0769230769230769
"354",7211,"G>A","Cell_4",0.285714285714286
"355",7211,"G>A","Cell_5",0.333333333333333
"356",7211,"G>A","Cell_6",0
"357",7211,"G>A","Cell_7",0.181818181818182
"358",7216,"G>A","Cell_1",0.117647058823529
"359",7216,"G>A","Cell_2",0
"360",7216,"G>A","Cell_3",0
"361",7216,"G>A","Cell_4",0
"362",7216,"G>A","Cell_5",0
"363",7216,"G>A","Cell_6",0.4
"364",7216,"G>A","Cell_7",0
"365",8213,"G>A","Cell_1",0
"366",8213,"G>A","Cell_2",0
"367",8213,"G>A","Cell_3",0
"368",8213,"G>A","Cell_4",0
"369",8213,"G>A","Cell_5",0
"370",8213,"G>A","Cell_6",0
"371",8213,"G>A","Cell_7",0
"372",8250,"G>A","Cell_1",0
"373",8250,"G>A","Cell_2",0
"374",8250,"G>A","Cell_3",0
"375",8250,"G>A","Cell_4",0
"376",8250,"G>A","Cell_5",0
"377",8250,"G>A","Cell_6",0
"378",8250,"G>A","Cell_7",0
"379",8533,"G>A","Cell_1",0
"380",8533,"G>A","Cell_2",0
"381",8533,"G>A","Cell_3",0
"382",8533,"G>A","Cell_4",0
"383",8533,"G>A","Cell_5",0
"384",8533,"G>A","Cell_6",0
"385",8533,"G>A","Cell_7",0
"386",9039,"G>A","Cell_1",0
"387",9039,"G>A","Cell_2",0
"388",9039,"G>A","Cell_3",0
"389",9039,"G>A","Cell_4",0
"390",9039,"G>A","Cell_5",0
"391",9039,"G>A","Cell_6",0
"392",9039,"G>A","Cell_7",0
"393",9133,"G>A","Cell_1",0
"394",9133,"G>A","Cell_2",0
"395",9133,"G>A","Cell_3",0
"396",9133,"G>A","Cell_4",0
"397",9133,"G>A","Cell_5",0
"398",9133,"G>A","Cell_6",0
"399",9133,"G>A","Cell_7",0
"400",9163,"G>A","Cell_1",0
"401",9163,"G>A","Cell_2",0
"402",9163,"G>A","Cell_3",0
"403",9163,"G>A","Cell_4",0
"404",9163,"G>A","Cell_5",0
"405",9163,"G>A","Cell_6",0
"406",9163,"G>A","Cell_7",0
"407",9209,"G>A","Cell_1",0
"408",9209,"G>A","Cell_2",0
"409",9209,"G>A","Cell_3",0
"410",9209,"G>A","Cell_4",0
"411",9209,"G>A","Cell_5",0
"412",9209,"G>A","Cell_6",0
"413",9209,"G>A","Cell_7",0
"414",9265,"G>A","Cell_1",0
"415",9265,"G>A","Cell_2",0
"416",9265,"G>A","Cell_3",0
"417",9265,"G>A","Cell_4",0
"418",9265,"G>A","Cell_5",0
"419",9265,"G>A","Cell_6",0
"420",9265,"G>A","Cell_7",0
"421",9295,"G>A","Cell_1",0
"422",9295,"G>A","Cell_2",0
"423",9295,"G>A","Cell_3",0
"424",9295,"G>A","Cell_4",0
"425",9295,"G>A","Cell_5",0
"426",9295,"G>A","Cell_6",0
"427",9295,"G>A","Cell_7",0
"428",9376,"G>A","Cell_1",0
"429",9376,"G>A","Cell_2",0
"430",9376,"G>A","Cell_3",0
"431",9376,"G>A","Cell_4",0
"432",9376,"G>A","Cell_5",0
"433",9376,"G>A","Cell_6",0
"434",9376,"G>A","Cell_7",0
"435",9497,"T>A","Cell_1",0
"436",9497,"T>A","Cell_2",0
"437",9497,"T>A","Cell_3",0
"438",9497,"T>A","Cell_4",0
"439",9497,"T>A","Cell_5",0
"440",9497,"T>A","Cell_6",0
"441",9497,"T>A","Cell_7",0
"442",9520,"G>A","Cell_1",0
"443",9520,"G>A","Cell_2",0
"444",9520,"G>A","Cell_3",0
"445",9520,"G>A","Cell_4",0
"446",9520,"G>A","Cell_5",0
"447",9520,"G>A","Cell_6",0
"448",9520,"G>A","Cell_7",0
"449",9612,"G>A","Cell_1",0
"450",9612,"G>A","Cell_2",0
"451",9612,"G>A","Cell_3",0
"452",9612,"G>A","Cell_4",0
"453",9612,"G>A","Cell_5",0
"454",9612,"G>A","Cell_6",0
"455",9612,"G>A","Cell_7",0
"456",9755,"G>A","Cell_1",0
"457",9755,"G>A","Cell_2",0
"458",9755,"G>A","Cell_3",0
"459",9755,"G>A","Cell_4",0
"460",9755,"G>A","Cell_5",0
"461",9755,"G>A","Cell_6",0
"462",9755,"G>A","Cell_7",0
"463",9818,"C>A","Cell_1",0
"464",9818,"C>A","Cell_2",0
"465",9818,"C>A","Cell_3",0
"466",9818,"C>A","Cell_4",0
"467",9818,"C>A","Cell_5",0
"468",9818,"C>A","Cell_6",0
"469",9818,"C>A","Cell_7",0
"470",9921,"G>A","Cell_1",0
"471",9921,"G>A","Cell_2",0
"472",9921,"G>A","Cell_3",0
"473",9921,"G>A","Cell_4",0
"474",9921,"G>A","Cell_5",0
"475",9921,"G>A","Cell_6",0
"476",9921,"G>A","Cell_7",0
"477",9947,"G>A","Cell_1",0
"478",9947,"G>A","Cell_2",0
"479",9947,"G>A","Cell_3",0
"480",9947,"G>A","Cell_4",0
"481",9947,"G>A","Cell_5",0
"482",9947,"G>A","Cell_6",0
"483",9947,"G>A","Cell_7",0
"484",10353,"G>A","Cell_1",0
"485",10353,"G>A","Cell_2",0
"486",10353,"G>A","Cell_3",0
"487",10353,"G>A","Cell_4",0
"488",10353,"G>A","Cell_5",0
"489",10353,"G>A","Cell_6",0
"490",10353,"G>A","Cell_7",0
"491",10387,"G>A","Cell_1",0
"492",10387,"G>A","Cell_2",0
"493",10387,"G>A","Cell_3",0
"494",10387,"G>A","Cell_4",0
"495",10387,"G>A","Cell_5",0
"496",10387,"G>A","Cell_6",0
"497",10387,"G>A","Cell_7",0
"498",10437,"G>A","Cell_1",0
"499",10437,"G>A","Cell_2",0
"500",10437,"G>A","Cell_3",0
"501",10437,"G>A","Cell_4",0
"502",10437,"G>A","Cell_5",0
"503",10437,"G>A","Cell_6",0
"504",10437,"G>A","Cell_7",0
"505",10646,"G>A","Cell_1",0
"506",10646,"G>A","Cell_2",0
"507",10646,"G>A","Cell_3",0
"508",10646,"G>A","Cell_4",0
"509",10646,"G>A","Cell_5",0
"510",10646,"G>A","Cell_6",0
"511",10646,"G>A","Cell_7",0
"512",10680,"G>A","Cell_1",0
"513",10680,"G>A","Cell_2",0
"514",10680,"G>A","Cell_3",0
"515",10680,"G>A","Cell_4",0
"516",10680,"G>A","Cell_5",0
"517",10680,"G>A","Cell_6",0
"518",10680,"G>A","Cell_7",0
"519",10762,"G>A","Cell_1",0
"520",10762,"G>A","Cell_2",0
"521",10762,"G>A","Cell_3",0
"522",10762,"G>A","Cell_4",0
"523",10762,"G>A","Cell_5",0
"524",10762,"G>A","Cell_6",0
"525",10762,"G>A","Cell_7",0
"526",10914,"G>A","Cell_1",0
"527",10914,"G>A","Cell_2",0
"528",10914,"G>A","Cell_3",0
"529",10914,"G>A","Cell_4",0
"530",10914,"G>A","Cell_5",0
"531",10914,"G>A","Cell_6",0
"532",10914,"G>A","Cell_7",0
"533",10933,"C>A","Cell_1",0
"534",10933,"C>A","Cell_2",0
"535",10933,"C>A","Cell_3",0
"536",10933,"C>A","Cell_4",0
"537",10933,"C>A","Cell_5",0
"538",10933,"C>A","Cell_6",0
"539",10933,"C>A","Cell_7",0
"540",11306,"G>A","Cell_1",0
"541",11306,"G>A","Cell_2",0
"542",11306,"G>A","Cell_3",0
"543",11306,"G>A","Cell_4",0
"544",11306,"G>A","Cell_5",0
"545",11306,"G>A","Cell_6",0
"546",11306,"G>A","Cell_7",0
"547",11456,"G>A","Cell_1",0
"548",11456,"G>A","Cell_2",0
"549",11456,"G>A","Cell_3",0
"550",11456,"G>A","Cell_4",0
"551",11456,"G>A","Cell_5",0
"552",11456,"G>A","Cell_6",0
"553",11456,"G>A","Cell_7",0
"554",11600,"G>A","Cell_1",0
"555",11600,"G>A","Cell_2",0
"556",11600,"G>A","Cell_3",0
"557",11600,"G>A","Cell_4",0
"558",11600,"G>A","Cell_5",0
"559",11600,"G>A","Cell_6",0
"560",11600,"G>A","Cell_7",0
"561",11651,"G>A","Cell_1",0
"562",11651,"G>A","Cell_2",0
"563",11651,"G>A","Cell_3",0
"564",11651,"G>A","Cell_4",0
"565",11651,"G>A","Cell_5",0
"566",11651,"G>A","Cell_6",0
"567",11651,"G>A","Cell_7",0
"568",11852,"G>A","Cell_1",0
"569",11852,"G>A","Cell_2",0
"570",11852,"G>A","Cell_3",0
"571",11852,"G>A","Cell_4",0
"572",11852,"G>A","Cell_5",0
"573",11852,"G>A","Cell_6",0
"574",11852,"G>A","Cell_7",0
"575",11902,"G>A","Cell_1",0
"576",11902,"G>A","Cell_2",0
"577",11902,"G>A","Cell_3",0
"578",11902,"G>A","Cell_4",0
"579",11902,"G>A","Cell_5",0
"580",11902,"G>A","Cell_6",0
"581",11902,"G>A","Cell_7",0
"582",12319,"C>A","Cell_1",0
"583",12319,"C>A","Cell_2",0
"584",12319,"C>A","Cell_3",0
"585",12319,"C>A","Cell_4",0
"586",12319,"C>A","Cell_5",0
"587",12319,"C>A","Cell_6",0
"588",12319,"C>A","Cell_7",0
"589",12389,"C>A","Cell_1",0
"590",12389,"C>A","Cell_2",0
"591",12389,"C>A","Cell_3",0
"592",12389,"C>A","Cell_4",0
"593",12389,"C>A","Cell_5",0
"594",12389,"C>A","Cell_6",0
"595",12389,"C>A","Cell_7",0
"596",12468,"T>A","Cell_1",0
"597",12468,"T>A","Cell_2",0
"598",12468,"T>A","Cell_3",0
"599",12468,"T>A","Cell_4",0
"600",12468,"T>A","Cell_5",0
"601",12468,"T>A","Cell_6",0
"602",12468,"T>A","Cell_7",0
"603",12503,"G>A","Cell_1",0
"604",12503,"G>A","Cell_2",0
"605",12503,"G>A","Cell_3",0
"606",12503,"G>A","Cell_4",0
"607",12503,"G>A","Cell_5",0
"608",12503,"G>A","Cell_6",0
"609",12503,"G>A","Cell_7",0
"610",12508,"G>A","Cell_1",0
"611",12508,"G>A","Cell_2",0
"612",12508,"G>A","Cell_3",0
"613",12508,"G>A","Cell_4",0
"614",12508,"G>A","Cell_5",0
"615",12508,"G>A","Cell_6",0
"616",12508,"G>A","Cell_7",0
"617",12775,"G>A","Cell_1",0
"618",12775,"G>A","Cell_2",0
"619",12775,"G>A","Cell_3",0
"620",12775,"G>A","Cell_4",0.125
"621",12775,"G>A","Cell_5",0
"622",12775,"G>A","Cell_6",0
"623",12775,"G>A","Cell_7",0
"624",12863,"G>A","Cell_1",0
"625",12863,"G>A","Cell_2",0
"626",12863,"G>A","Cell_3",0
"627",12863,"G>A","Cell_4",0
"628",12863,"G>A","Cell_5",0
"629",12863,"G>A","Cell_6",0
"630",12863,"G>A","Cell_7",0
"631",13031,"G>A","Cell_1",0
"632",13031,"G>A","Cell_2",0
"633",13031,"G>A","Cell_3",0
"634",13031,"G>A","Cell_4",0
"635",13031,"G>A","Cell_5",0
"636",13031,"G>A","Cell_6",0
"637",13031,"G>A","Cell_7",0
"638",13267,"G>A","Cell_1",0
"639",13267,"G>A","Cell_2",0
"640",13267,"G>A","Cell_3",0
"641",13267,"G>A","Cell_4",0
"642",13267,"G>A","Cell_5",0
"643",13267,"G>A","Cell_6",0
"644",13267,"G>A","Cell_7",0
"645",13279,"G>A","Cell_1",0
"646",13279,"G>A","Cell_2",0
"647",13279,"G>A","Cell_3",0
"648",13279,"G>A","Cell_4",0
"649",13279,"G>A","Cell_5",0
"650",13279,"G>A","Cell_6",0
"651",13279,"G>A","Cell_7",0
"652",13368,"G>A","Cell_1",0
"653",13368,"G>A","Cell_2",0
"654",13368,"G>A","Cell_3",0
"655",13368,"G>A","Cell_4",0
"656",13368,"G>A","Cell_5",0
"657",13368,"G>A","Cell_6",0
"658",13368,"G>A","Cell_7",0
"659",13414,"G>A","Cell_1",0
"660",13414,"G>A","Cell_2",0
"661",13414,"G>A","Cell_3",0
"662",13414,"G>A","Cell_4",0
"663",13414,"G>A","Cell_5",0
"664",13414,"G>A","Cell_6",0
"665",13414,"G>A","Cell_7",0
"666",13703,"G>A","Cell_1",0
"667",13703,"G>A","Cell_2",0
"668",13703,"G>A","Cell_3",0
"669",13703,"G>A","Cell_4",0
"670",13703,"G>A","Cell_5",0
"671",13703,"G>A","Cell_6",0
"672",13703,"G>A","Cell_7",0
"673",13810,"G>A","Cell_1",0
"674",13810,"G>A","Cell_2",0
"675",13810,"G>A","Cell_3",0
"676",13810,"G>A","Cell_4",0
"677",13810,"G>A","Cell_5",0
"678",13810,"G>A","Cell_6",0
"679",13810,"G>A","Cell_7",0
"680",13996,"G>A","Cell_1",0
"681",13996,"G>A","Cell_2",0
"682",13996,"G>A","Cell_3",0
"683",13996,"G>A","Cell_4",0
"684",13996,"G>A","Cell_5",0
"685",13996,"G>A","Cell_6",0
"686",13996,"G>A","Cell_7",0
"687",14006,"G>A","Cell_1",0
"688",14006,"G>A","Cell_2",0
"689",14006,"G>A","Cell_3",0
"690",14006,"G>A","Cell_4",0
"691",14006,"G>A","Cell_5",0
"692",14006,"G>A","Cell_6",0
"693",14006,"G>A","Cell_7",0
"694",14011,"G>A","Cell_1",0
"695",14011,"G>A","Cell_2",0
"696",14011,"G>A","Cell_3",0
"697",14011,"G>A","Cell_4",0
"698",14011,"G>A","Cell_5",0
"699",14011,"G>A","Cell_6",0
"700",14011,"G>A","Cell_7",0
"701",14383,"C>A","Cell_1",0
"702",14383,"C>A","Cell_2",0
"703",14383,"C>A","Cell_3",0
"704",14383,"C>A","Cell_4",0
"705",14383,"C>A","Cell_5",0
"706",14383,"C>A","Cell_6",0
"707",14383,"C>A","Cell_7",0
"708",14422,"T>A","Cell_1",0
"709",14422,"T>A","Cell_2",0
"710",14422,"T>A","Cell_3",0
"711",14422,"T>A","Cell_4",0.0416666666666667
"712",14422,"T>A","Cell_5",0
"713",14422,"T>A","Cell_6",0
"714",14422,"T>A","Cell_7",0
"715",14985,"G>A","Cell_1",0
"716",14985,"G>A","Cell_2",0
"717",14985,"G>A","Cell_3",0
"718",14985,"G>A","Cell_4",0
"719",14985,"G>A","Cell_5",0
"720",14985,"G>A","Cell_6",0
"721",14985,"G>A","Cell_7",0
"722",15207,"C>A","Cell_1",0
"723",15207,"C>A","Cell_2",0
"724",15207,"C>A","Cell_3",0
"725",15207,"C>A","Cell_4",0
"726",15207,"C>A","Cell_5",0
"727",15207,"C>A","Cell_6",0
"728",15207,"C>A","Cell_7",0
"729",15215,"G>A","Cell_1",0
"730",15215,"G>A","Cell_2",0
"731",15215,"G>A","Cell_3",0
"732",15215,"G>A","Cell_4",0
"733",15215,"G>A","Cell_5",0
"734",15215,"G>A","Cell_6",0
"735",15215,"G>A","Cell_7",0
"736",15240,"G>A","Cell_1",0
"737",15240,"G>A","Cell_2",0
"738",15240,"G>A","Cell_3",0
"739",15240,"G>A","Cell_4",0
"740",15240,"G>A","Cell_5",0
"741",15240,"G>A","Cell_6",0
"742",15240,"G>A","Cell_7",0
"743",15596,"G>A","Cell_1",0
"744",15596,"G>A","Cell_2",0
"745",15596,"G>A","Cell_3",0
"746",15596,"G>A","Cell_4",0
"747",15596,"G>A","Cell_5",0
"748",15596,"G>A","Cell_6",0
"749",15596,"G>A","Cell_7",0
"750",15650,"G>A","Cell_1",0
"751",15650,"G>A","Cell_2",0
"752",15650,"G>A","Cell_3",0
"753",15650,"G>A","Cell_4",0
"754",15650,"G>A","Cell_5",0.25
"755",15650,"G>A","Cell_6",0
"756",15650,"G>A","Cell_7",0
"757",15687,"G>A","Cell_1",0.0869565217391304
"758",15687,"G>A","Cell_2",0
"759",15687,"G>A","Cell_3",0
"760",15687,"G>A","Cell_4",0
"761",15687,"G>A","Cell_5",0
"762",15687,"G>A","Cell_6",0
"763",15687,"G>A","Cell_7",0
"764",15949,"G>A","Cell_1",0
"765",15949,"G>A","Cell_2",0
"766",15949,"G>A","Cell_3",0
"767",15949,"G>A","Cell_4",0
"768",15949,"G>A","Cell_5",0.25
"769",15949,"G>A","Cell_6",0
"770",15949,"G>A","Cell_7",0
"771",889,"G>C","Cell_1",0
"772",889,"G>C","Cell_2",0
"773",889,"G>C","Cell_3",0
"774",889,"G>C","Cell_4",0
"775",889,"G>C","Cell_5",0
"776",889,"G>C","Cell_6",0
"777",889,"G>C","Cell_7",0
"778",1891,"A>C","Cell_1",0
"779",1891,"A>C","Cell_2",0
"780",1891,"A>C","Cell_3",0
"781",1891,"A>C","Cell_4",0
"782",1891,"A>C","Cell_5",0
"783",1891,"A>C","Cell_6",0
"784",1891,"A>C","Cell_7",0
"785",3079,"G>C","Cell_1",0
"786",3079,"G>C","Cell_2",0
"787",3079,"G>C","Cell_3",0
"788",3079,"G>C","Cell_4",0
"789",3079,"G>C","Cell_5",0
"790",3079,"G>C","Cell_6",0
"791",3079,"G>C","Cell_7",0
"792",3470,"T>C","Cell_1",0
"793",3470,"T>C","Cell_2",0
"794",3470,"T>C","Cell_3",0
"795",3470,"T>C","Cell_4",0
"796",3470,"T>C","Cell_5",0
"797",3470,"T>C","Cell_6",0
"798",3470,"T>C","Cell_7",0
"799",3830,"T>C","Cell_1",0
"800",3830,"T>C","Cell_2",0
"801",3830,"T>C","Cell_3",0
"802",3830,"T>C","Cell_4",0
"803",3830,"T>C","Cell_5",0
"804",3830,"T>C","Cell_6",0
"805",3830,"T>C","Cell_7",0
"806",4314,"T>C","Cell_1",0
"807",4314,"T>C","Cell_2",0
"808",4314,"T>C","Cell_3",0
"809",4314,"T>C","Cell_4",0
"810",4314,"T>C","Cell_5",0
"811",4314,"T>C","Cell_6",0
"812",4314,"T>C","Cell_7",0
"813",4522,"T>C","Cell_1",0
"814",4522,"T>C","Cell_2",0
"815",4522,"T>C","Cell_3",0
"816",4522,"T>C","Cell_4",0
"817",4522,"T>C","Cell_5",0
"818",4522,"T>C","Cell_6",0
"819",4522,"T>C","Cell_7",0
"820",4856,"T>C","Cell_1",0
"821",4856,"T>C","Cell_2",0.117647058823529
"822",4856,"T>C","Cell_3",0
"823",4856,"T>C","Cell_4",0
"824",4856,"T>C","Cell_5",0
"825",4856,"T>C","Cell_6",0
"826",4856,"T>C","Cell_7",0
"827",6484,"T>C","Cell_1",0
"828",6484,"T>C","Cell_2",0
"829",6484,"T>C","Cell_3",0
"830",6484,"T>C","Cell_4",0
"831",6484,"T>C","Cell_5",0
"832",6484,"T>C","Cell_6",0
"833",6484,"T>C","Cell_7",0
"834",6626,"T>C","Cell_1",0
"835",6626,"T>C","Cell_2",0
"836",6626,"T>C","Cell_3",0
"837",6626,"T>C","Cell_4",0
"838",6626,"T>C","Cell_5",0
"839",6626,"T>C","Cell_6",0
"840",6626,"T>C","Cell_7",0
"841",6822,"T>C","Cell_1",0
"842",6822,"T>C","Cell_2",0
"843",6822,"T>C","Cell_3",0
"844",6822,"T>C","Cell_4",0
"845",6822,"T>C","Cell_5",0
"846",6822,"T>C","Cell_6",0
"847",6822,"T>C","Cell_7",0
"848",7191,"T>C","Cell_1",0
"849",7191,"T>C","Cell_2",0
"850",7191,"T>C","Cell_3",0
"851",7191,"T>C","Cell_4",0
"852",7191,"T>C","Cell_5",0
"853",7191,"T>C","Cell_6",0
"854",7191,"T>C","Cell_7",0
"855",7998,"T>C","Cell_1",0
"856",7998,"T>C","Cell_2",0
"857",7998,"T>C","Cell_3",0
"858",7998,"T>C","Cell_4",0
"859",7998,"T>C","Cell_5",0
"860",7998,"T>C","Cell_6",0
"861",7998,"T>C","Cell_7",0
"862",9160,"T>C","Cell_1",0
"863",9160,"T>C","Cell_2",0
"864",9160,"T>C","Cell_3",0
"865",9160,"T>C","Cell_4",0
"866",9160,"T>C","Cell_5",0
"867",9160,"T>C","Cell_6",0
"868",9160,"T>C","Cell_7",0
"869",10117,"T>C","Cell_1",0
"870",10117,"T>C","Cell_2",0
"871",10117,"T>C","Cell_3",0
"872",10117,"T>C","Cell_4",0
"873",10117,"T>C","Cell_5",0
"874",10117,"T>C","Cell_6",0
"875",10117,"T>C","Cell_7",0
"876",10761,"T>C","Cell_1",0
"877",10761,"T>C","Cell_2",0
"878",10761,"T>C","Cell_3",0
"879",10761,"T>C","Cell_4",0
"880",10761,"T>C","Cell_5",0
"881",10761,"T>C","Cell_6",0
"882",10761,"T>C","Cell_7",0
"883",11631,"T>C","Cell_1",0
"884",11631,"T>C","Cell_2",0
"885",11631,"T>C","Cell_3",0
"886",11631,"T>C","Cell_4",0
"887",11631,"T>C","Cell_5",0
"888",11631,"T>C","Cell_6",0
"889",11631,"T>C","Cell_7",0
"890",11701,"T>C","Cell_1",0
"891",11701,"T>C","Cell_2",0
"892",11701,"T>C","Cell_3",0
"893",11701,"T>C","Cell_4",0
"894",11701,"T>C","Cell_5",0
"895",11701,"T>C","Cell_6",0
"896",11701,"T>C","Cell_7",0
"897",12940,"G>C","Cell_1",0
"898",12940,"G>C","Cell_2",0
"899",12940,"G>C","Cell_3",0
"900",12940,"G>C","Cell_4",0
"901",12940,"G>C","Cell_5",0
"902",12940,"G>C","Cell_6",0
"903",12940,"G>C","Cell_7",0
"904",13095,"T>C","Cell_1",0
"905",13095,"T>C","Cell_2",0
"906",13095,"T>C","Cell_3",0
"907",13095,"T>C","Cell_4",0
"908",13095,"T>C","Cell_5",0
"909",13095,"T>C","Cell_6",0
"910",13095,"T>C","Cell_7",0
"911",13103,"G>C","Cell_1",0
"912",13103,"G>C","Cell_2",0
"913",13103,"G>C","Cell_3",0
"914",13103,"G>C","Cell_4",0
"915",13103,"G>C","Cell_5",0
"916",13103,"G>C","Cell_6",0
"917",13103,"G>C","Cell_7",0
"918",14094,"T>C","Cell_1",0
"919",14094,"T>C","Cell_2",0
"920",14094,"T>C","Cell_3",0
"921",14094,"T>C","Cell_4",0
"922",14094,"T>C","Cell_5",0
"923",14094,"T>C","Cell_6",0
"924",14094,"T>C","Cell_7",0
"925",14468,"T>C","Cell_1",0
"926",14468,"T>C","Cell_2",0
"927",14468,"T>C","Cell_3",0
"928",14468,"T>C","Cell_4",0
"929",14468,"T>C","Cell_5",0
"930",14468,"T>C","Cell_6",0
"931",14468,"T>C","Cell_7",0
"932",14470,"T>C","Cell_1",0
"933",14470,"T>C","Cell_2",0
"934",14470,"T>C","Cell_3",0
"935",14470,"T>C","Cell_4",0
"936",14470,"T>C","Cell_5",0
"937",14470,"T>C","Cell_6",0
"938",14470,"T>C","Cell_7",0
"939",14670,"T>C","Cell_1",0
"940",14670,"T>C","Cell_2",0
"941",14670,"T>C","Cell_3",0
"942",14670,"T>C","Cell_4",0
"943",14670,"T>C","Cell_5",0
"944",14670,"T>C","Cell_6",0
"945",14670,"T>C","Cell_7",0
"946",14767,"T>C","Cell_1",0
"947",14767,"T>C","Cell_2",0
"948",14767,"T>C","Cell_3",0
"949",14767,"T>C","Cell_4",0
"950",14767,"T>C","Cell_5",0
"951",14767,"T>C","Cell_6",0
"952",14767,"T>C","Cell_7",0
"953",15115,"T>C","Cell_1",0
"954",15115,"T>C","Cell_2",0
"955",15115,"T>C","Cell_3",0
"956",15115,"T>C","Cell_4",0
"957",15115,"T>C","Cell_5",0
"958",15115,"T>C","Cell_6",0
"959",15115,"T>C","Cell_7",0
"960",15191,"T>C","Cell_1",0
"961",15191,"T>C","Cell_2",0
"962",15191,"T>C","Cell_3",0
"963",15191,"T>C","Cell_4",0
"964",15191,"T>C","Cell_5",0
"965",15191,"T>C","Cell_6",0
"966",15191,"T>C","Cell_7",0
"967",15560,"T>C","Cell_1",0
"968",15560,"T>C","Cell_2",0
"969",15560,"T>C","Cell_3",0
"970",15560,"T>C","Cell_4",0
"971",15560,"T>C","Cell_5",0
"972",15560,"T>C","Cell_6",0
"973",15560,"T>C","Cell_7",0
"974",189,"A>G","Cell_1",0
"975",189,"A>G","Cell_2",0
"976",189,"A>G","Cell_3",0
"977",189,"A>G","Cell_4",0
"978",189,"A>G","Cell_5",0
"979",189,"A>G","Cell_6",0
"980",189,"A>G","Cell_7",0
"981",1139,"A>G","Cell_1",0
"982",1139,"A>G","Cell_2",0
"983",1139,"A>G","Cell_3",0
"984",1139,"A>G","Cell_4",0
"985",1139,"A>G","Cell_5",0
"986",1139,"A>G","Cell_6",0
"987",1139,"A>G","Cell_7",0
"988",1321,"A>G","Cell_1",0
"989",1321,"A>G","Cell_2",0
"990",1321,"A>G","Cell_3",0
"991",1321,"A>G","Cell_4",0
"992",1321,"A>G","Cell_5",0
"993",1321,"A>G","Cell_6",0
"994",1321,"A>G","Cell_7",0
"995",2109,"A>G","Cell_1",0
"996",2109,"A>G","Cell_2",0
"997",2109,"A>G","Cell_3",0
"998",2109,"A>G","Cell_4",0
"999",2109,"A>G","Cell_5",0
"1000",2109,"A>G","Cell_6",0
"1001",2109,"A>G","Cell_7",0
"1002",2935,"A>G","Cell_1",0
"1003",2935,"A>G","Cell_2",0
"1004",2935,"A>G","Cell_3",0
"1005",2935,"A>G","Cell_4",0
"1006",2935,"A>G","Cell_5",0
"1007",2935,"A>G","Cell_6",0
"1008",2935,"A>G","Cell_7",0
"1009",6923,"A>G","Cell_1",0
"1010",6923,"A>G","Cell_2",0
"1011",6923,"A>G","Cell_3",0
"1012",6923,"A>G","Cell_4",0
"1013",6923,"A>G","Cell_5",0
"1014",6923,"A>G","Cell_6",0
"1015",6923,"A>G","Cell_7",0
"1016",7324,"A>G","Cell_1",0
"1017",7324,"A>G","Cell_2",0
"1018",7324,"A>G","Cell_3",0
"1019",7324,"A>G","Cell_4",0
"1020",7324,"A>G","Cell_5",0
"1021",7324,"A>G","Cell_6",0
"1022",7324,"A>G","Cell_7",0
"1023",7916,"A>G","Cell_1",0
"1024",7916,"A>G","Cell_2",0
"1025",7916,"A>G","Cell_3",0
"1026",7916,"A>G","Cell_4",0
"1027",7916,"A>G","Cell_5",0
"1028",7916,"A>G","Cell_6",0
"1029",7916,"A>G","Cell_7",0
"1030",9374,"A>G","Cell_1",0
"1031",9374,"A>G","Cell_2",0
"1032",9374,"A>G","Cell_3",0
"1033",9374,"A>G","Cell_4",0
"1034",9374,"A>G","Cell_5",0
"1035",9374,"A>G","Cell_6",0
"1036",9374,"A>G","Cell_7",0
"1037",9555,"C>G","Cell_1",0
"1038",9555,"C>G","Cell_2",0
"1039",9555,"C>G","Cell_3",0
"1040",9555,"C>G","Cell_4",0
"1041",9555,"C>G","Cell_5",0
"1042",9555,"C>G","Cell_6",0
"1043",9555,"C>G","Cell_7",0
"1044",9743,"A>G","Cell_1",0
"1045",9743,"A>G","Cell_2",0
"1046",9743,"A>G","Cell_3",0
"1047",9743,"A>G","Cell_4",0
"1048",9743,"A>G","Cell_5",0
"1049",9743,"A>G","Cell_6",0
"1050",9743,"A>G","Cell_7",0
"1051",10398,"A>G","Cell_1",0
"1052",10398,"A>G","Cell_2",0
"1053",10398,"A>G","Cell_3",0
"1054",10398,"A>G","Cell_4",0
"1055",10398,"A>G","Cell_5",0
"1056",10398,"A>G","Cell_6",0
"1057",10398,"A>G","Cell_7",0
"1058",10678,"A>G","Cell_1",0
"1059",10678,"A>G","Cell_2",0
"1060",10678,"A>G","Cell_3",0
"1061",10678,"A>G","Cell_4",0
"1062",10678,"A>G","Cell_5",0
"1063",10678,"A>G","Cell_6",0
"1064",10678,"A>G","Cell_7",0
"1065",11411,"A>G","Cell_1",0
"1066",11411,"A>G","Cell_2",0
"1067",11411,"A>G","Cell_3",0
"1068",11411,"A>G","Cell_4",0
"1069",11411,"A>G","Cell_5",0
"1070",11411,"A>G","Cell_6",0
"1071",11411,"A>G","Cell_7",0
"1072",11606,"A>G","Cell_1",0
"1073",11606,"A>G","Cell_2",0
"1074",11606,"A>G","Cell_3",0
"1075",11606,"A>G","Cell_4",0
"1076",11606,"A>G","Cell_5",0
"1077",11606,"A>G","Cell_6",0
"1078",11606,"A>G","Cell_7",0
"1079",12319,"C>G","Cell_1",0
"1080",12319,"C>G","Cell_2",0
"1081",12319,"C>G","Cell_3",0
"1082",12319,"C>G","Cell_4",0
"1083",12319,"C>G","Cell_5",0
"1084",12319,"C>G","Cell_6",0
"1085",12319,"C>G","Cell_7",0
"1086",13350,"A>G","Cell_1",0
"1087",13350,"A>G","Cell_2",0
"1088",13350,"A>G","Cell_3",0
"1089",13350,"A>G","Cell_4",0
"1090",13350,"A>G","Cell_5",0
"1091",13350,"A>G","Cell_6",0
"1092",13350,"A>G","Cell_7",0
"1093",13537,"A>G","Cell_1",0
"1094",13537,"A>G","Cell_2",0
"1095",13537,"A>G","Cell_3",0
"1096",13537,"A>G","Cell_4",0
"1097",13537,"A>G","Cell_5",0
"1098",13537,"A>G","Cell_6",0
"1099",13537,"A>G","Cell_7",0
"1100",14013,"A>G","Cell_1",0
"1101",14013,"A>G","Cell_2",0
"1102",14013,"A>G","Cell_3",0
"1103",14013,"A>G","Cell_4",0
"1104",14013,"A>G","Cell_5",0
"1105",14013,"A>G","Cell_6",0
"1106",14013,"A>G","Cell_7",0
"1107",14083,"A>G","Cell_1",0
"1108",14083,"A>G","Cell_2",0
"1109",14083,"A>G","Cell_3",0
"1110",14083,"A>G","Cell_4",0
"1111",14083,"A>G","Cell_5",0
"1112",14083,"A>G","Cell_6",0
"1113",14083,"A>G","Cell_7",0
"1114",15602,"A>G","Cell_1",0
"1115",15602,"A>G","Cell_2",0
"1116",15602,"A>G","Cell_3",0
"1117",15602,"A>G","Cell_4",0
"1118",15602,"A>G","Cell_5",0
"1119",15602,"A>G","Cell_6",0
"1120",15602,"A>G","Cell_7",0
"1121",15903,"A>G","Cell_1",0
"1122",15903,"A>G","Cell_2",0
"1123",15903,"A>G","Cell_3",0
"1124",15903,"A>G","Cell_4",0
"1125",15903,"A>G","Cell_5",0
"1126",15903,"A>G","Cell_6",0
"1127",15903,"A>G","Cell_7",0
"1128",338,"C>T","Cell_1",0
"1129",338,"C>T","Cell_2",0
"1130",338,"C>T","Cell_3",0
"1131",338,"C>T","Cell_4",0
"1132",338,"C>T","Cell_5",0
"1133",338,"C>T","Cell_6",0
"1134",338,"C>T","Cell_7",0
"1135",437,"C>T","Cell_1",0
"1136",437,"C>T","Cell_2",0
"1137",437,"C>T","Cell_3",0
"1138",437,"C>T","Cell_4",0
"1139",437,"C>T","Cell_5",0
"1140",437,"C>T","Cell_6",0
"1141",437,"C>T","Cell_7",0
"1142",438,"C>T","Cell_1",0
"1143",438,"C>T","Cell_2",0
"1144",438,"C>T","Cell_3",0
"1145",438,"C>T","Cell_4",0
"1146",438,"C>T","Cell_5",0.2
"1147",438,"C>T","Cell_6",0
"1148",438,"C>T","Cell_7",0
"1149",461,"C>T","Cell_1",0
"1150",461,"C>T","Cell_2",0
"1151",461,"C>T","Cell_3",0
"1152",461,"C>T","Cell_4",0
"1153",461,"C>T","Cell_5",0
"1154",461,"C>T","Cell_6",0
"1155",461,"C>T","Cell_7",0
"1156",463,"C>T","Cell_1",0
"1157",463,"C>T","Cell_2",0
"1158",463,"C>T","Cell_3",0
"1159",463,"C>T","Cell_4",0
"1160",463,"C>T","Cell_5",0
"1161",463,"C>T","Cell_6",0
"1162",463,"C>T","Cell_7",0
"1163",464,"A>T","Cell_1",0
"1164",464,"A>T","Cell_2",0
"1165",464,"A>T","Cell_3",0
"1166",464,"A>T","Cell_4",0
"1167",464,"A>T","Cell_5",0
"1168",464,"A>T","Cell_6",0
"1169",464,"A>T","Cell_7",0
"1170",494,"C>T","Cell_1",0
"1171",494,"C>T","Cell_2",0
"1172",494,"C>T","Cell_3",0
"1173",494,"C>T","Cell_4",0
"1174",494,"C>T","Cell_5",0
"1175",494,"C>T","Cell_6",0
"1176",494,"C>T","Cell_7",0
"1177",508,"A>T","Cell_1",0
"1178",508,"A>T","Cell_2",0
"1179",508,"A>T","Cell_3",0
"1180",508,"A>T","Cell_4",0
"1181",508,"A>T","Cell_5",0
"1182",508,"A>T","Cell_6",0
"1183",508,"A>T","Cell_7",0
"1184",541,"C>T","Cell_1",0
"1185",541,"C>T","Cell_2",0
"1186",541,"C>T","Cell_3",0
"1187",541,"C>T","Cell_4",0.142857142857143
"1188",541,"C>T","Cell_5",0.142857142857143
"1189",541,"C>T","Cell_6",0
"1190",541,"C>T","Cell_7",0
"1191",555,"A>T","Cell_1",0
"1192",555,"A>T","Cell_2",0
"1193",555,"A>T","Cell_3",0
"1194",555,"A>T","Cell_4",0
"1195",555,"A>T","Cell_5",0
"1196",555,"A>T","Cell_6",0
"1197",555,"A>T","Cell_7",0
"1198",565,"A>T","Cell_1",0
"1199",565,"A>T","Cell_2",0
"1200",565,"A>T","Cell_3",0
"1201",565,"A>T","Cell_4",0
"1202",565,"A>T","Cell_5",0
"1203",565,"A>T","Cell_6",0
"1204",565,"A>T","Cell_7",0
"1205",591,"C>T","Cell_1",0
"1206",591,"C>T","Cell_2",0
"1207",591,"C>T","Cell_3",0
"1208",591,"C>T","Cell_4",0
"1209",591,"C>T","Cell_5",0
"1210",591,"C>T","Cell_6",0
"1211",591,"C>T","Cell_7",0
"1212",665,"C>T","Cell_1",0
"1213",665,"C>T","Cell_2",0
"1214",665,"C>T","Cell_3",0
"1215",665,"C>T","Cell_4",0
"1216",665,"C>T","Cell_5",0
"1217",665,"C>T","Cell_6",0
"1218",665,"C>T","Cell_7",0
"1219",739,"C>T","Cell_1",0
"1220",739,"C>T","Cell_2",0
"1221",739,"C>T","Cell_3",0
"1222",739,"C>T","Cell_4",0
"1223",739,"C>T","Cell_5",0
"1224",739,"C>T","Cell_6",0
"1225",739,"C>T","Cell_7",0
"1226",803,"C>T","Cell_1",0
"1227",803,"C>T","Cell_2",0
"1228",803,"C>T","Cell_3",0
"1229",803,"C>T","Cell_4",0
"1230",803,"C>T","Cell_5",0
"1231",803,"C>T","Cell_6",0
"1232",803,"C>T","Cell_7",0
"1233",806,"C>T","Cell_1",0
"1234",806,"C>T","Cell_2",0
"1235",806,"C>T","Cell_3",0
"1236",806,"C>T","Cell_4",0
"1237",806,"C>T","Cell_5",0
"1238",806,"C>T","Cell_6",0
"1239",806,"C>T","Cell_7",0
"1240",808,"C>T","Cell_1",0
"1241",808,"C>T","Cell_2",0
"1242",808,"C>T","Cell_3",0
"1243",808,"C>T","Cell_4",0
"1244",808,"C>T","Cell_5",0
"1245",808,"C>T","Cell_6",0
"1246",808,"C>T","Cell_7",0
"1247",815,"C>T","Cell_1",0
"1248",815,"C>T","Cell_2",0
"1249",815,"C>T","Cell_3",0
"1250",815,"C>T","Cell_4",0
"1251",815,"C>T","Cell_5",0
"1252",815,"C>T","Cell_6",0
"1253",815,"C>T","Cell_7",0
"1254",931,"C>T","Cell_1",0
"1255",931,"C>T","Cell_2",0
"1256",931,"C>T","Cell_3",0
"1257",931,"C>T","Cell_4",0
"1258",931,"C>T","Cell_5",0
"1259",931,"C>T","Cell_6",0
"1260",931,"C>T","Cell_7",0
"1261",981,"C>T","Cell_1",0
"1262",981,"C>T","Cell_2",0
"1263",981,"C>T","Cell_3",0
"1264",981,"C>T","Cell_4",0
"1265",981,"C>T","Cell_5",0
"1266",981,"C>T","Cell_6",0
"1267",981,"C>T","Cell_7",0
"1268",1239,"C>T","Cell_1",0
"1269",1239,"C>T","Cell_2",0
"1270",1239,"C>T","Cell_3",0
"1271",1239,"C>T","Cell_4",0
"1272",1239,"C>T","Cell_5",0
"1273",1239,"C>T","Cell_6",0
"1274",1239,"C>T","Cell_7",0
"1275",1330,"C>T","Cell_1",0
"1276",1330,"C>T","Cell_2",0
"1277",1330,"C>T","Cell_3",0
"1278",1330,"C>T","Cell_4",0
"1279",1330,"C>T","Cell_5",0
"1280",1330,"C>T","Cell_6",0
"1281",1330,"C>T","Cell_7",0
"1282",1378,"C>T","Cell_1",0
"1283",1378,"C>T","Cell_2",0
"1284",1378,"C>T","Cell_3",0
"1285",1378,"C>T","Cell_4",0
"1286",1378,"C>T","Cell_5",0
"1287",1378,"C>T","Cell_6",0
"1288",1378,"C>T","Cell_7",0
"1289",1475,"C>T","Cell_1",0
"1290",1475,"C>T","Cell_2",0
"1291",1475,"C>T","Cell_3",0
"1292",1475,"C>T","Cell_4",0
"1293",1475,"C>T","Cell_5",0
"1294",1475,"C>T","Cell_6",0
"1295",1475,"C>T","Cell_7",0
"1296",1484,"C>T","Cell_1",0
"1297",1484,"C>T","Cell_2",0
"1298",1484,"C>T","Cell_3",0
"1299",1484,"C>T","Cell_4",0
"1300",1484,"C>T","Cell_5",0
"1301",1484,"C>T","Cell_6",0
"1302",1484,"C>T","Cell_7",0
"1303",1493,"C>T","Cell_1",0
"1304",1493,"C>T","Cell_2",0
"1305",1493,"C>T","Cell_3",0
"1306",1493,"C>T","Cell_4",0
"1307",1493,"C>T","Cell_5",0
"1308",1493,"C>T","Cell_6",0
"1309",1493,"C>T","Cell_7",0
"1310",1619,"C>T","Cell_1",0
"1311",1619,"C>T","Cell_2",0
"1312",1619,"C>T","Cell_3",0
"1313",1619,"C>T","Cell_4",0
"1314",1619,"C>T","Cell_5",0
"1315",1619,"C>T","Cell_6",0
"1316",1619,"C>T","Cell_7",0
"1317",1764,"C>T","Cell_1",0
"1318",1764,"C>T","Cell_2",0
"1319",1764,"C>T","Cell_3",0
"1320",1764,"C>T","Cell_4",0
"1321",1764,"C>T","Cell_5",0
"1322",1764,"C>T","Cell_6",0
"1323",1764,"C>T","Cell_7",0
"1324",1989,"C>T","Cell_1",0
"1325",1989,"C>T","Cell_2",0
"1326",1989,"C>T","Cell_3",0
"1327",1989,"C>T","Cell_4",0
"1328",1989,"C>T","Cell_5",0
"1329",1989,"C>T","Cell_6",0
"1330",1989,"C>T","Cell_7",0
"1331",2215,"C>T","Cell_1",0
"1332",2215,"C>T","Cell_2",0
"1333",2215,"C>T","Cell_3",0
"1334",2215,"C>T","Cell_4",0.0625
"1335",2215,"C>T","Cell_5",0
"1336",2215,"C>T","Cell_6",0
"1337",2215,"C>T","Cell_7",0
"1338",2272,"C>T","Cell_1",0
"1339",2272,"C>T","Cell_2",0
"1340",2272,"C>T","Cell_3",0
"1341",2272,"C>T","Cell_4",0
"1342",2272,"C>T","Cell_5",0
"1343",2272,"C>T","Cell_6",0
"1344",2272,"C>T","Cell_7",0
"1345",2386,"C>T","Cell_1",0
"1346",2386,"C>T","Cell_2",0
"1347",2386,"C>T","Cell_3",0
"1348",2386,"C>T","Cell_4",0
"1349",2386,"C>T","Cell_5",0
"1350",2386,"C>T","Cell_6",0
"1351",2386,"C>T","Cell_7",0
"1352",2396,"C>T","Cell_1",0
"1353",2396,"C>T","Cell_2",0.153846153846154
"1354",2396,"C>T","Cell_3",0
"1355",2396,"C>T","Cell_4",0
"1356",2396,"C>T","Cell_5",0
"1357",2396,"C>T","Cell_6",0
"1358",2396,"C>T","Cell_7",0
"1359",2538,"C>T","Cell_1",0
"1360",2538,"C>T","Cell_2",0
"1361",2538,"C>T","Cell_3",0
"1362",2538,"C>T","Cell_4",0
"1363",2538,"C>T","Cell_5",0
"1364",2538,"C>T","Cell_6",0
"1365",2538,"C>T","Cell_7",0
"1366",2699,"C>T","Cell_1",0
"1367",2699,"C>T","Cell_2",0
"1368",2699,"C>T","Cell_3",0
"1369",2699,"C>T","Cell_4",0
"1370",2699,"C>T","Cell_5",0
"1371",2699,"C>T","Cell_6",0
"1372",2699,"C>T","Cell_7",0
"1373",2776,"G>T","Cell_1",0
"1374",2776,"G>T","Cell_2",0
"1375",2776,"G>T","Cell_3",0
"1376",2776,"G>T","Cell_4",0
"1377",2776,"G>T","Cell_5",0
"1378",2776,"G>T","Cell_6",0
"1379",2776,"G>T","Cell_7",0
"1380",2787,"A>T","Cell_1",0
"1381",2787,"A>T","Cell_2",0
"1382",2787,"A>T","Cell_3",0
"1383",2787,"A>T","Cell_4",0
"1384",2787,"A>T","Cell_5",0
"1385",2787,"A>T","Cell_6",0
"1386",2787,"A>T","Cell_7",0
"1387",2809,"C>T","Cell_1",0
"1388",2809,"C>T","Cell_2",0
"1389",2809,"C>T","Cell_3",0
"1390",2809,"C>T","Cell_4",0
"1391",2809,"C>T","Cell_5",0
"1392",2809,"C>T","Cell_6",0
"1393",2809,"C>T","Cell_7",0
"1394",2840,"C>T","Cell_1",0
"1395",2840,"C>T","Cell_2",0
"1396",2840,"C>T","Cell_3",0
"1397",2840,"C>T","Cell_4",0
"1398",2840,"C>T","Cell_5",0
"1399",2840,"C>T","Cell_6",0
"1400",2840,"C>T","Cell_7",0
"1401",2877,"C>T","Cell_1",0
"1402",2877,"C>T","Cell_2",0
"1403",2877,"C>T","Cell_3",0
"1404",2877,"C>T","Cell_4",0
"1405",2877,"C>T","Cell_5",0
"1406",2877,"C>T","Cell_6",0
"1407",2877,"C>T","Cell_7",0
"1408",2957,"G>T","Cell_1",0
"1409",2957,"G>T","Cell_2",0
"1410",2957,"G>T","Cell_3",0
"1411",2957,"G>T","Cell_4",0
"1412",2957,"G>T","Cell_5",0
"1413",2957,"G>T","Cell_6",0
"1414",2957,"G>T","Cell_7",0
"1415",3004,"C>T","Cell_1",0
"1416",3004,"C>T","Cell_2",0
"1417",3004,"C>T","Cell_3",0
"1418",3004,"C>T","Cell_4",0
"1419",3004,"C>T","Cell_5",0
"1420",3004,"C>T","Cell_6",0
"1421",3004,"C>T","Cell_7",0
"1422",3134,"C>T","Cell_1",0
"1423",3134,"C>T","Cell_2",0
"1424",3134,"C>T","Cell_3",0
"1425",3134,"C>T","Cell_4",0
"1426",3134,"C>T","Cell_5",0
"1427",3134,"C>T","Cell_6",0
"1428",3134,"C>T","Cell_7",0
"1429",3148,"C>T","Cell_1",0
"1430",3148,"C>T","Cell_2",0
"1431",3148,"C>T","Cell_3",0
"1432",3148,"C>T","Cell_4",0
"1433",3148,"C>T","Cell_5",0
"1434",3148,"C>T","Cell_6",0
"1435",3148,"C>T","Cell_7",0
"1436",3152,"C>T","Cell_1",0
"1437",3152,"C>T","Cell_2",0
"1438",3152,"C>T","Cell_3",0
"1439",3152,"C>T","Cell_4",0
"1440",3152,"C>T","Cell_5",0
"1441",3152,"C>T","Cell_6",0
"1442",3152,"C>T","Cell_7",0
"1443",3192,"C>T","Cell_1",0
"1444",3192,"C>T","Cell_2",0
"1445",3192,"C>T","Cell_3",0
"1446",3192,"C>T","Cell_4",0
"1447",3192,"C>T","Cell_5",0
"1448",3192,"C>T","Cell_6",0
"1449",3192,"C>T","Cell_7",0
"1450",3275,"C>T","Cell_1",0
"1451",3275,"C>T","Cell_2",0
"1452",3275,"C>T","Cell_3",0
"1453",3275,"C>T","Cell_4",0
"1454",3275,"C>T","Cell_5",0
"1455",3275,"C>T","Cell_6",0
"1456",3275,"C>T","Cell_7",0
"1457",3310,"C>T","Cell_1",0
"1458",3310,"C>T","Cell_2",0
"1459",3310,"C>T","Cell_3",0
"1460",3310,"C>T","Cell_4",0
"1461",3310,"C>T","Cell_5",0
"1462",3310,"C>T","Cell_6",0
"1463",3310,"C>T","Cell_7",0
"1464",3376,"G>T","Cell_1",0
"1465",3376,"G>T","Cell_2",0
"1466",3376,"G>T","Cell_3",0
"1467",3376,"G>T","Cell_4",0
"1468",3376,"G>T","Cell_5",0
"1469",3376,"G>T","Cell_6",0
"1470",3376,"G>T","Cell_7",0
"1471",3400,"C>T","Cell_1",0
"1472",3400,"C>T","Cell_2",0
"1473",3400,"C>T","Cell_3",0
"1474",3400,"C>T","Cell_4",0
"1475",3400,"C>T","Cell_5",0
"1476",3400,"C>T","Cell_6",0
"1477",3400,"C>T","Cell_7",0
"1478",3459,"C>T","Cell_1",0
"1479",3459,"C>T","Cell_2",0
"1480",3459,"C>T","Cell_3",0
"1481",3459,"C>T","Cell_4",0
"1482",3459,"C>T","Cell_5",0
"1483",3459,"C>T","Cell_6",0
"1484",3459,"C>T","Cell_7",0
"1485",3474,"C>T","Cell_1",0
"1486",3474,"C>T","Cell_2",0
"1487",3474,"C>T","Cell_3",0
"1488",3474,"C>T","Cell_4",0.142857142857143
"1489",3474,"C>T","Cell_5",0
"1490",3474,"C>T","Cell_6",0
"1491",3474,"C>T","Cell_7",0
"1492",3650,"C>T","Cell_1",0
"1493",3650,"C>T","Cell_2",0
"1494",3650,"C>T","Cell_3",0
"1495",3650,"C>T","Cell_4",0
"1496",3650,"C>T","Cell_5",0
"1497",3650,"C>T","Cell_6",0
"1498",3650,"C>T","Cell_7",0
"1499",3687,"C>T","Cell_1",0
"1500",3687,"C>T","Cell_2",0
"1501",3687,"C>T","Cell_3",0
"1502",3687,"C>T","Cell_4",0
"1503",3687,"C>T","Cell_5",0
"1504",3687,"C>T","Cell_6",0
"1505",3687,"C>T","Cell_7",0
"1506",3706,"C>T","Cell_1",0
"1507",3706,"C>T","Cell_2",0
"1508",3706,"C>T","Cell_3",0
"1509",3706,"C>T","Cell_4",0
"1510",3706,"C>T","Cell_5",0
"1511",3706,"C>T","Cell_6",0
"1512",3706,"C>T","Cell_7",0
"1513",3817,"C>T","Cell_1",0
"1514",3817,"C>T","Cell_2",0
"1515",3817,"C>T","Cell_3",0
"1516",3817,"C>T","Cell_4",0
"1517",3817,"C>T","Cell_5",0
"1518",3817,"C>T","Cell_6",0.333333333333333
"1519",3817,"C>T","Cell_7",0
"1520",3945,"C>T","Cell_1",0
"1521",3945,"C>T","Cell_2",0
"1522",3945,"C>T","Cell_3",0
"1523",3945,"C>T","Cell_4",0
"1524",3945,"C>T","Cell_5",0
"1525",3945,"C>T","Cell_6",0
"1526",3945,"C>T","Cell_7",0
"1527",3966,"C>T","Cell_1",0
"1528",3966,"C>T","Cell_2",0
"1529",3966,"C>T","Cell_3",0
"1530",3966,"C>T","Cell_4",0.111111111111111
"1531",3966,"C>T","Cell_5",0
"1532",3966,"C>T","Cell_6",0
"1533",3966,"C>T","Cell_7",0
"1534",3970,"C>T","Cell_1",0
"1535",3970,"C>T","Cell_2",0
"1536",3970,"C>T","Cell_3",0
"1537",3970,"C>T","Cell_4",0
"1538",3970,"C>T","Cell_5",0
"1539",3970,"C>T","Cell_6",0
"1540",3970,"C>T","Cell_7",0
"1541",4008,"A>T","Cell_1",0
"1542",4008,"A>T","Cell_2",0
"1543",4008,"A>T","Cell_3",0
"1544",4008,"A>T","Cell_4",0
"1545",4008,"A>T","Cell_5",0
"1546",4008,"A>T","Cell_6",0
"1547",4008,"A>T","Cell_7",0
"1548",4107,"C>T","Cell_1",0
"1549",4107,"C>T","Cell_2",0
"1550",4107,"C>T","Cell_3",0
"1551",4107,"C>T","Cell_4",0.125
"1552",4107,"C>T","Cell_5",0
"1553",4107,"C>T","Cell_6",0
"1554",4107,"C>T","Cell_7",0
"1555",4152,"C>T","Cell_1",0
"1556",4152,"C>T","Cell_2",0
"1557",4152,"C>T","Cell_3",0
"1558",4152,"C>T","Cell_4",0
"1559",4152,"C>T","Cell_5",0
"1560",4152,"C>T","Cell_6",0
"1561",4152,"C>T","Cell_7",0
"1562",4161,"C>T","Cell_1",0
"1563",4161,"C>T","Cell_2",0
"1564",4161,"C>T","Cell_3",0
"1565",4161,"C>T","Cell_4",0
"1566",4161,"C>T","Cell_5",0
"1567",4161,"C>T","Cell_6",0
"1568",4161,"C>T","Cell_7",0
"1569",4202,"C>T","Cell_1",0
"1570",4202,"C>T","Cell_2",0
"1571",4202,"C>T","Cell_3",0
"1572",4202,"C>T","Cell_4",0
"1573",4202,"C>T","Cell_5",0
"1574",4202,"C>T","Cell_6",0
"1575",4202,"C>T","Cell_7",0
"1576",4245,"C>T","Cell_1",0
"1577",4245,"C>T","Cell_2",0
"1578",4245,"C>T","Cell_3",0
"1579",4245,"C>T","Cell_4",0
"1580",4245,"C>T","Cell_5",0
"1581",4245,"C>T","Cell_6",0
"1582",4245,"C>T","Cell_7",0
"1583",4430,"C>T","Cell_1",0
"1584",4430,"C>T","Cell_2",0
"1585",4430,"C>T","Cell_3",0
"1586",4430,"C>T","Cell_4",0
"1587",4430,"C>T","Cell_5",0
"1588",4430,"C>T","Cell_6",0
"1589",4430,"C>T","Cell_7",0
"1590",4599,"C>T","Cell_1",0
"1591",4599,"C>T","Cell_2",0
"1592",4599,"C>T","Cell_3",0
"1593",4599,"C>T","Cell_4",0
"1594",4599,"C>T","Cell_5",0
"1595",4599,"C>T","Cell_6",0
"1596",4599,"C>T","Cell_7",0
"1597",4777,"C>T","Cell_1",0
"1598",4777,"C>T","Cell_2",0
"1599",4777,"C>T","Cell_3",0
"1600",4777,"C>T","Cell_4",0
"1601",4777,"C>T","Cell_5",0
"1602",4777,"C>T","Cell_6",0
"1603",4777,"C>T","Cell_7",0
"1604",4914,"C>T","Cell_1",0
"1605",4914,"C>T","Cell_2",0
"1606",4914,"C>T","Cell_3",0
"1607",4914,"C>T","Cell_4",0
"1608",4914,"C>T","Cell_5",0
"1609",4914,"C>T","Cell_6",0
"1610",4914,"C>T","Cell_7",0
"1611",5014,"C>T","Cell_1",0
"1612",5014,"C>T","Cell_2",0
"1613",5014,"C>T","Cell_3",0
"1614",5014,"C>T","Cell_4",0
"1615",5014,"C>T","Cell_5",0
"1616",5014,"C>T","Cell_6",0
"1617",5014,"C>T","Cell_7",0
"1618",5194,"C>T","Cell_1",0
"1619",5194,"C>T","Cell_2",0
"1620",5194,"C>T","Cell_3",0
"1621",5194,"C>T","Cell_4",0
"1622",5194,"C>T","Cell_5",0
"1623",5194,"C>T","Cell_6",0
"1624",5194,"C>T","Cell_7",0
"1625",5213,"C>T","Cell_1",0
"1626",5213,"C>T","Cell_2",0
"1627",5213,"C>T","Cell_3",0
"1628",5213,"C>T","Cell_4",0
"1629",5213,"C>T","Cell_5",0
"1630",5213,"C>T","Cell_6",0
"1631",5213,"C>T","Cell_7",0
"1632",5223,"G>T","Cell_1",0
"1633",5223,"G>T","Cell_2",0
"1634",5223,"G>T","Cell_3",0
"1635",5223,"G>T","Cell_4",0
"1636",5223,"G>T","Cell_5",0
"1637",5223,"G>T","Cell_6",0
"1638",5223,"G>T","Cell_7",0
"1639",5255,"C>T","Cell_1",0
"1640",5255,"C>T","Cell_2",0
"1641",5255,"C>T","Cell_3",0
"1642",5255,"C>T","Cell_4",0
"1643",5255,"C>T","Cell_5",0
"1644",5255,"C>T","Cell_6",0
"1645",5255,"C>T","Cell_7",0
"1646",5324,"C>T","Cell_1",0
"1647",5324,"C>T","Cell_2",0
"1648",5324,"C>T","Cell_3",0
"1649",5324,"C>T","Cell_4",0
"1650",5324,"C>T","Cell_5",0
"1651",5324,"C>T","Cell_6",0
"1652",5324,"C>T","Cell_7",0
"1653",5377,"C>T","Cell_1",0
"1654",5377,"C>T","Cell_2",0
"1655",5377,"C>T","Cell_3",0
"1656",5377,"C>T","Cell_4",0
"1657",5377,"C>T","Cell_5",0
"1658",5377,"C>T","Cell_6",0
"1659",5377,"C>T","Cell_7",0
"1660",5434,"C>T","Cell_1",0
"1661",5434,"C>T","Cell_2",0
"1662",5434,"C>T","Cell_3",0
"1663",5434,"C>T","Cell_4",0
"1664",5434,"C>T","Cell_5",0
"1665",5434,"C>T","Cell_6",0
"1666",5434,"C>T","Cell_7",0
"1667",5440,"C>T","Cell_1",0
"1668",5440,"C>T","Cell_2",0
"1669",5440,"C>T","Cell_3",0
"1670",5440,"C>T","Cell_4",0
"1671",5440,"C>T","Cell_5",0
"1672",5440,"C>T","Cell_6",0
"1673",5440,"C>T","Cell_7",0
"1674",5604,"C>T","Cell_1",0
"1675",5604,"C>T","Cell_2",0
"1676",5604,"C>T","Cell_3",0
"1677",5604,"C>T","Cell_4",0
"1678",5604,"C>T","Cell_5",0
"1679",5604,"C>T","Cell_6",0
"1680",5604,"C>T","Cell_7",0
"1681",5872,"C>T","Cell_1",0
"1682",5872,"C>T","Cell_2",0
"1683",5872,"C>T","Cell_3",0
"1684",5872,"C>T","Cell_4",0
"1685",5872,"C>T","Cell_5",0
"1686",5872,"C>T","Cell_6",0
"1687",5872,"C>T","Cell_7",0
"1688",5969,"C>T","Cell_1",0
"1689",5969,"C>T","Cell_2",0
"1690",5969,"C>T","Cell_3",0
"1691",5969,"C>T","Cell_4",0
"1692",5969,"C>T","Cell_5",0
"1693",5969,"C>T","Cell_6",0
"1694",5969,"C>T","Cell_7",0
"1695",6083,"C>T","Cell_1",0
"1696",6083,"C>T","Cell_2",0
"1697",6083,"C>T","Cell_3",0
"1698",6083,"C>T","Cell_4",0
"1699",6083,"C>T","Cell_5",0
"1700",6083,"C>T","Cell_6",0
"1701",6083,"C>T","Cell_7",0
"1702",6088,"C>T","Cell_1",0
"1703",6088,"C>T","Cell_2",0
"1704",6088,"C>T","Cell_3",0
"1705",6088,"C>T","Cell_4",0
"1706",6088,"C>T","Cell_5",0
"1707",6088,"C>T","Cell_6",0
"1708",6088,"C>T","Cell_7",0
"1709",6236,"C>T","Cell_1",0
"1710",6236,"C>T","Cell_2",0
"1711",6236,"C>T","Cell_3",0
"1712",6236,"C>T","Cell_4",0
"1713",6236,"C>T","Cell_5",0
"1714",6236,"C>T","Cell_6",0
"1715",6236,"C>T","Cell_7",0
"1716",6242,"C>T","Cell_1",0
"1717",6242,"C>T","Cell_2",0
"1718",6242,"C>T","Cell_3",0
"1719",6242,"C>T","Cell_4",0
"1720",6242,"C>T","Cell_5",0
"1721",6242,"C>T","Cell_6",0
"1722",6242,"C>T","Cell_7",0
"1723",6291,"C>T","Cell_1",0
"1724",6291,"C>T","Cell_2",0
"1725",6291,"C>T","Cell_3",0
"1726",6291,"C>T","Cell_4",0
"1727",6291,"C>T","Cell_5",0
"1728",6291,"C>T","Cell_6",0
"1729",6291,"C>T","Cell_7",0
"1730",6455,"C>T","Cell_1",0
"1731",6455,"C>T","Cell_2",0
"1732",6455,"C>T","Cell_3",0
"1733",6455,"C>T","Cell_4",0
"1734",6455,"C>T","Cell_5",0
"1735",6455,"C>T","Cell_6",0
"1736",6455,"C>T","Cell_7",0
"1737",6463,"C>T","Cell_1",0
"1738",6463,"C>T","Cell_2",0
"1739",6463,"C>T","Cell_3",0
"1740",6463,"C>T","Cell_4",0
"1741",6463,"C>T","Cell_5",0
"1742",6463,"C>T","Cell_6",0
"1743",6463,"C>T","Cell_7",0
"1744",6518,"C>T","Cell_1",0
"1745",6518,"C>T","Cell_2",0
"1746",6518,"C>T","Cell_3",0
"1747",6518,"C>T","Cell_4",0
"1748",6518,"C>T","Cell_5",0
"1749",6518,"C>T","Cell_6",0
"1750",6518,"C>T","Cell_7",0
"1751",6535,"C>T","Cell_1",0
"1752",6535,"C>T","Cell_2",0
"1753",6535,"C>T","Cell_3",0
"1754",6535,"C>T","Cell_4",0
"1755",6535,"C>T","Cell_5",0
"1756",6535,"C>T","Cell_6",0
"1757",6535,"C>T","Cell_7",0
"1758",6563,"C>T","Cell_1",0
"1759",6563,"C>T","Cell_2",0
"1760",6563,"C>T","Cell_3",0
"1761",6563,"C>T","Cell_4",0
"1762",6563,"C>T","Cell_5",0
"1763",6563,"C>T","Cell_6",0
"1764",6563,"C>T","Cell_7",0
"1765",6656,"C>T","Cell_1",0
"1766",6656,"C>T","Cell_2",0
"1767",6656,"C>T","Cell_3",0
"1768",6656,"C>T","Cell_4",0
"1769",6656,"C>T","Cell_5",0
"1770",6656,"C>T","Cell_6",0
"1771",6656,"C>T","Cell_7",0
"1772",6820,"C>T","Cell_1",0
"1773",6820,"C>T","Cell_2",0
"1774",6820,"C>T","Cell_3",0
"1775",6820,"C>T","Cell_4",0
"1776",6820,"C>T","Cell_5",0
"1777",6820,"C>T","Cell_6",0
"1778",6820,"C>T","Cell_7",0
"1779",6824,"C>T","Cell_1",0
"1780",6824,"C>T","Cell_2",0
"1781",6824,"C>T","Cell_3",0
"1782",6824,"C>T","Cell_4",0
"1783",6824,"C>T","Cell_5",0
"1784",6824,"C>T","Cell_6",0
"1785",6824,"C>T","Cell_7",0
"1786",6829,"C>T","Cell_1",0
"1787",6829,"C>T","Cell_2",0
"1788",6829,"C>T","Cell_3",0
"1789",6829,"C>T","Cell_4",0
"1790",6829,"C>T","Cell_5",0
"1791",6829,"C>T","Cell_6",0
"1792",6829,"C>T","Cell_7",0
"1793",6848,"C>T","Cell_1",0.0833333333333333
"1794",6848,"C>T","Cell_2",0
"1795",6848,"C>T","Cell_3",0
"1796",6848,"C>T","Cell_4",0
"1797",6848,"C>T","Cell_5",0.2
"1798",6848,"C>T","Cell_6",0
"1799",6848,"C>T","Cell_7",0
"1800",6851,"C>T","Cell_1",0
"1801",6851,"C>T","Cell_2",0
"1802",6851,"C>T","Cell_3",0
"1803",6851,"C>T","Cell_4",0
"1804",6851,"C>T","Cell_5",0
"1805",6851,"C>T","Cell_6",0
"1806",6851,"C>T","Cell_7",0
"1807",6875,"C>T","Cell_1",0
"1808",6875,"C>T","Cell_2",0
"1809",6875,"C>T","Cell_3",0
"1810",6875,"C>T","Cell_4",0
"1811",6875,"C>T","Cell_5",0
"1812",6875,"C>T","Cell_6",0
"1813",6875,"C>T","Cell_7",0
"1814",6925,"C>T","Cell_1",0
"1815",6925,"C>T","Cell_2",0
"1816",6925,"C>T","Cell_3",0
"1817",6925,"C>T","Cell_4",0
"1818",6925,"C>T","Cell_5",0
"1819",6925,"C>T","Cell_6",0
"1820",6925,"C>T","Cell_7",0
"1821",7118,"A>T","Cell_1",0
"1822",7118,"A>T","Cell_2",0
"1823",7118,"A>T","Cell_3",0
"1824",7118,"A>T","Cell_4",0
"1825",7118,"A>T","Cell_5",0
"1826",7118,"A>T","Cell_6",0
"1827",7118,"A>T","Cell_7",0
"1828",7122,"C>T","Cell_1",0
"1829",7122,"C>T","Cell_2",0
"1830",7122,"C>T","Cell_3",0
"1831",7122,"C>T","Cell_4",0
"1832",7122,"C>T","Cell_5",0
"1833",7122,"C>T","Cell_6",0
"1834",7122,"C>T","Cell_7",0
"1835",7126,"C>T","Cell_1",0
"1836",7126,"C>T","Cell_2",0
"1837",7126,"C>T","Cell_3",0
"1838",7126,"C>T","Cell_4",0
"1839",7126,"C>T","Cell_5",0
"1840",7126,"C>T","Cell_6",0
"1841",7126,"C>T","Cell_7",0
"1842",7139,"C>T","Cell_1",0
"1843",7139,"C>T","Cell_2",0
"1844",7139,"C>T","Cell_3",0
"1845",7139,"C>T","Cell_4",0
"1846",7139,"C>T","Cell_5",0
"1847",7139,"C>T","Cell_6",0
"1848",7139,"C>T","Cell_7",0
"1849",7147,"C>T","Cell_1",0
"1850",7147,"C>T","Cell_2",0
"1851",7147,"C>T","Cell_3",0
"1852",7147,"C>T","Cell_4",0
"1853",7147,"C>T","Cell_5",0
"1854",7147,"C>T","Cell_6",0
"1855",7147,"C>T","Cell_7",0
"1856",7199,"C>T","Cell_1",0
"1857",7199,"C>T","Cell_2",0
"1858",7199,"C>T","Cell_3",0
"1859",7199,"C>T","Cell_4",0
"1860",7199,"C>T","Cell_5",0
"1861",7199,"C>T","Cell_6",0
"1862",7199,"C>T","Cell_7",0
"1863",7291,"C>T","Cell_1",0
"1864",7291,"C>T","Cell_2",0
"1865",7291,"C>T","Cell_3",0
"1866",7291,"C>T","Cell_4",0
"1867",7291,"C>T","Cell_5",0
"1868",7291,"C>T","Cell_6",0
"1869",7291,"C>T","Cell_7",0
"1870",7386,"C>T","Cell_1",0
"1871",7386,"C>T","Cell_2",0
"1872",7386,"C>T","Cell_3",0
"1873",7386,"C>T","Cell_4",0
"1874",7386,"C>T","Cell_5",0
"1875",7386,"C>T","Cell_6",0
"1876",7386,"C>T","Cell_7",0
"1877",7462,"C>T","Cell_1",0
"1878",7462,"C>T","Cell_2",0
"1879",7462,"C>T","Cell_3",0
"1880",7462,"C>T","Cell_4",0
"1881",7462,"C>T","Cell_5",0
"1882",7462,"C>T","Cell_6",0
"1883",7462,"C>T","Cell_7",0
"1884",7623,"C>T","Cell_1",0
"1885",7623,"C>T","Cell_2",0
"1886",7623,"C>T","Cell_3",0
"1887",7623,"C>T","Cell_4",0
"1888",7623,"C>T","Cell_5",0
"1889",7623,"C>T","Cell_6",0
"1890",7623,"C>T","Cell_7",0
"1891",7661,"C>T","Cell_1",0
"1892",7661,"C>T","Cell_2",0
"1893",7661,"C>T","Cell_3",0
"1894",7661,"C>T","Cell_4",0
"1895",7661,"C>T","Cell_5",0
"1896",7661,"C>T","Cell_6",0
"1897",7661,"C>T","Cell_7",0
"1898",7663,"C>T","Cell_1",0
"1899",7663,"C>T","Cell_2",0
"1900",7663,"C>T","Cell_3",0
"1901",7663,"C>T","Cell_4",0
"1902",7663,"C>T","Cell_5",0
"1903",7663,"C>T","Cell_6",0
"1904",7663,"C>T","Cell_7",0
"1905",7709,"C>T","Cell_1",0
"1906",7709,"C>T","Cell_2",0
"1907",7709,"C>T","Cell_3",0
"1908",7709,"C>T","Cell_4",0
"1909",7709,"C>T","Cell_5",0
"1910",7709,"C>T","Cell_6",0
"1911",7709,"C>T","Cell_7",0.25
"1912",7792,"C>T","Cell_1",0
"1913",7792,"C>T","Cell_2",0
"1914",7792,"C>T","Cell_3",0
"1915",7792,"C>T","Cell_4",0
"1916",7792,"C>T","Cell_5",0
"1917",7792,"C>T","Cell_6",0
"1918",7792,"C>T","Cell_7",0
"1919",7817,"C>T","Cell_1",0
"1920",7817,"C>T","Cell_2",0
"1921",7817,"C>T","Cell_3",0
"1922",7817,"C>T","Cell_4",0
"1923",7817,"C>T","Cell_5",0
"1924",7817,"C>T","Cell_6",0
"1925",7817,"C>T","Cell_7",0
"1926",7821,"C>T","Cell_1",0
"1927",7821,"C>T","Cell_2",0
"1928",7821,"C>T","Cell_3",0
"1929",7821,"C>T","Cell_4",0
"1930",7821,"C>T","Cell_5",0
"1931",7821,"C>T","Cell_6",0
"1932",7821,"C>T","Cell_7",0
"1933",7829,"C>T","Cell_1",0
"1934",7829,"C>T","Cell_2",0
"1935",7829,"C>T","Cell_3",0
"1936",7829,"C>T","Cell_4",0
"1937",7829,"C>T","Cell_5",0
"1938",7829,"C>T","Cell_6",0
"1939",7829,"C>T","Cell_7",0
"1940",7849,"C>T","Cell_1",0
"1941",7849,"C>T","Cell_2",0
"1942",7849,"C>T","Cell_3",0
"1943",7849,"C>T","Cell_4",0
"1944",7849,"C>T","Cell_5",0
"1945",7849,"C>T","Cell_6",0
"1946",7849,"C>T","Cell_7",0
"1947",7858,"C>T","Cell_1",0
"1948",7858,"C>T","Cell_2",0
"1949",7858,"C>T","Cell_3",0
"1950",7858,"C>T","Cell_4",0
"1951",7858,"C>T","Cell_5",0
"1952",7858,"C>T","Cell_6",0
"1953",7858,"C>T","Cell_7",0
"1954",7892,"C>T","Cell_1",0
"1955",7892,"C>T","Cell_2",0
"1956",7892,"C>T","Cell_3",0
"1957",7892,"C>T","Cell_4",0
"1958",7892,"C>T","Cell_5",0
"1959",7892,"C>T","Cell_6",0
"1960",7892,"C>T","Cell_7",0
"1961",7897,"G>T","Cell_1",0
"1962",7897,"G>T","Cell_2",0
"1963",7897,"G>T","Cell_3",0
"1964",7897,"G>T","Cell_4",0
"1965",7897,"G>T","Cell_5",0
"1966",7897,"G>T","Cell_6",0
"1967",7897,"G>T","Cell_7",0
"1968",7927,"C>T","Cell_1",0
"1969",7927,"C>T","Cell_2",0
"1970",7927,"C>T","Cell_3",0
"1971",7927,"C>T","Cell_4",0
"1972",7927,"C>T","Cell_5",0
"1973",7927,"C>T","Cell_6",0
"1974",7927,"C>T","Cell_7",0
"1975",7944,"C>T","Cell_1",0
"1976",7944,"C>T","Cell_2",0
"1977",7944,"C>T","Cell_3",0
"1978",7944,"C>T","Cell_4",0
"1979",7944,"C>T","Cell_5",0
"1980",7944,"C>T","Cell_6",0
"1981",7944,"C>T","Cell_7",0
"1982",7952,"C>T","Cell_1",0
"1983",7952,"C>T","Cell_2",0
"1984",7952,"C>T","Cell_3",0
"1985",7952,"C>T","Cell_4",0
"1986",7952,"C>T","Cell_5",0
"1987",7952,"C>T","Cell_6",0
"1988",7952,"C>T","Cell_7",0
"1989",7978,"C>T","Cell_1",0.111111111111111
"1990",7978,"C>T","Cell_2",0
"1991",7978,"C>T","Cell_3",0
"1992",7978,"C>T","Cell_4",0
"1993",7978,"C>T","Cell_5",0
"1994",7978,"C>T","Cell_6",0.222222222222222
"1995",7978,"C>T","Cell_7",1
"1996",8049,"C>T","Cell_1",0
"1997",8049,"C>T","Cell_2",0
"1998",8049,"C>T","Cell_3",0
"1999",8049,"C>T","Cell_4",0
"2000",8049,"C>T","Cell_5",0
"2001",8049,"C>T","Cell_6",0
"2002",8049,"C>T","Cell_7",0
"2003",8125,"C>T","Cell_1",0
"2004",8125,"C>T","Cell_2",0
"2005",8125,"C>T","Cell_3",0
"2006",8125,"C>T","Cell_4",0
"2007",8125,"C>T","Cell_5",0
"2008",8125,"C>T","Cell_6",0
"2009",8125,"C>T","Cell_7",0
"2010",8173,"C>T","Cell_1",0
"2011",8173,"C>T","Cell_2",0
"2012",8173,"C>T","Cell_3",0
"2013",8173,"C>T","Cell_4",0
"2014",8173,"C>T","Cell_5",0
"2015",8173,"C>T","Cell_6",0.285714285714286
"2016",8173,"C>T","Cell_7",0
"2017",8284,"C>T","Cell_1",0
"2018",8284,"C>T","Cell_2",0
"2019",8284,"C>T","Cell_3",0
"2020",8284,"C>T","Cell_4",0
"2021",8284,"C>T","Cell_5",0
"2022",8284,"C>T","Cell_6",0
"2023",8284,"C>T","Cell_7",0
"2024",8359,"C>T","Cell_1",0
"2025",8359,"C>T","Cell_2",0
"2026",8359,"C>T","Cell_3",0
"2027",8359,"C>T","Cell_4",0
"2028",8359,"C>T","Cell_5",0
"2029",8359,"C>T","Cell_6",0
"2030",8359,"C>T","Cell_7",0
"2031",8372,"C>T","Cell_1",0
"2032",8372,"C>T","Cell_2",0
"2033",8372,"C>T","Cell_3",0
"2034",8372,"C>T","Cell_4",0
"2035",8372,"C>T","Cell_5",0
"2036",8372,"C>T","Cell_6",0
"2037",8372,"C>T","Cell_7",0
"2038",8406,"C>T","Cell_1",0
"2039",8406,"C>T","Cell_2",0
"2040",8406,"C>T","Cell_3",0
"2041",8406,"C>T","Cell_4",0
"2042",8406,"C>T","Cell_5",0
"2043",8406,"C>T","Cell_6",0
"2044",8406,"C>T","Cell_7",0
"2045",8428,"C>T","Cell_1",0
"2046",8428,"C>T","Cell_2",0
"2047",8428,"C>T","Cell_3",0
"2048",8428,"C>T","Cell_4",0
"2049",8428,"C>T","Cell_5",0
"2050",8428,"C>T","Cell_6",0
"2051",8428,"C>T","Cell_7",0
"2052",8429,"C>T","Cell_1",0
"2053",8429,"C>T","Cell_2",0
"2054",8429,"C>T","Cell_3",0
"2055",8429,"C>T","Cell_4",0
"2056",8429,"C>T","Cell_5",0
"2057",8429,"C>T","Cell_6",0
"2058",8429,"C>T","Cell_7",0
"2059",8474,"C>T","Cell_1",0
"2060",8474,"C>T","Cell_2",0
"2061",8474,"C>T","Cell_3",0
"2062",8474,"C>T","Cell_4",0
"2063",8474,"C>T","Cell_5",0
"2064",8474,"C>T","Cell_6",0
"2065",8474,"C>T","Cell_7",0
"2066",8512,"A>T","Cell_1",0
"2067",8512,"A>T","Cell_2",0
"2068",8512,"A>T","Cell_3",0
"2069",8512,"A>T","Cell_4",0
"2070",8512,"A>T","Cell_5",0
"2071",8512,"A>T","Cell_6",0
"2072",8512,"A>T","Cell_7",0
"2073",8532,"C>T","Cell_1",0
"2074",8532,"C>T","Cell_2",0
"2075",8532,"C>T","Cell_3",0
"2076",8532,"C>T","Cell_4",0
"2077",8532,"C>T","Cell_5",0
"2078",8532,"C>T","Cell_6",0
"2079",8532,"C>T","Cell_7",0
"2080",8658,"C>T","Cell_1",0
"2081",8658,"C>T","Cell_2",0
"2082",8658,"C>T","Cell_3",0
"2083",8658,"C>T","Cell_4",0
"2084",8658,"C>T","Cell_5",0
"2085",8658,"C>T","Cell_6",0
"2086",8658,"C>T","Cell_7",0
"2087",8734,"C>T","Cell_1",0
"2088",8734,"C>T","Cell_2",0
"2089",8734,"C>T","Cell_3",0
"2090",8734,"C>T","Cell_4",0
"2091",8734,"C>T","Cell_5",0
"2092",8734,"C>T","Cell_6",0
"2093",8734,"C>T","Cell_7",0
"2094",8740,"C>T","Cell_1",0
"2095",8740,"C>T","Cell_2",0
"2096",8740,"C>T","Cell_3",0
"2097",8740,"C>T","Cell_4",0
"2098",8740,"C>T","Cell_5",0
"2099",8740,"C>T","Cell_6",0
"2100",8740,"C>T","Cell_7",0
"2101",8747,"C>T","Cell_1",0
"2102",8747,"C>T","Cell_2",0
"2103",8747,"C>T","Cell_3",0
"2104",8747,"C>T","Cell_4",0
"2105",8747,"C>T","Cell_5",0
"2106",8747,"C>T","Cell_6",0
"2107",8747,"C>T","Cell_7",0
"2108",8775,"C>T","Cell_1",0
"2109",8775,"C>T","Cell_2",0
"2110",8775,"C>T","Cell_3",0
"2111",8775,"C>T","Cell_4",0
"2112",8775,"C>T","Cell_5",0
"2113",8775,"C>T","Cell_6",0
"2114",8775,"C>T","Cell_7",0
"2115",8791,"C>T","Cell_1",0
"2116",8791,"C>T","Cell_2",0
"2117",8791,"C>T","Cell_3",0
"2118",8791,"C>T","Cell_4",0
"2119",8791,"C>T","Cell_5",0
"2120",8791,"C>T","Cell_6",0
"2121",8791,"C>T","Cell_7",0
"2122",8878,"C>T","Cell_1",0
"2123",8878,"C>T","Cell_2",0
"2124",8878,"C>T","Cell_3",0
"2125",8878,"C>T","Cell_4",0
"2126",8878,"C>T","Cell_5",0
"2127",8878,"C>T","Cell_6",0
"2128",8878,"C>T","Cell_7",0
"2129",8899,"C>T","Cell_1",0
"2130",8899,"C>T","Cell_2",0
"2131",8899,"C>T","Cell_3",0
"2132",8899,"C>T","Cell_4",0
"2133",8899,"C>T","Cell_5",0
"2134",8899,"C>T","Cell_6",0.333333333333333
"2135",8899,"C>T","Cell_7",0
"2136",8980,"C>T","Cell_1",0
"2137",8980,"C>T","Cell_2",0
"2138",8980,"C>T","Cell_3",0
"2139",8980,"C>T","Cell_4",0
"2140",8980,"C>T","Cell_5",0
"2141",8980,"C>T","Cell_6",0
"2142",8980,"C>T","Cell_7",0
"2143",8984,"C>T","Cell_1",0
"2144",8984,"C>T","Cell_2",0
"2145",8984,"C>T","Cell_3",0
"2146",8984,"C>T","Cell_4",0
"2147",8984,"C>T","Cell_5",0
"2148",8984,"C>T","Cell_6",0
"2149",8984,"C>T","Cell_7",0
"2150",9001,"C>T","Cell_1",0
"2151",9001,"C>T","Cell_2",0
"2152",9001,"C>T","Cell_3",0
"2153",9001,"C>T","Cell_4",0
"2154",9001,"C>T","Cell_5",0
"2155",9001,"C>T","Cell_6",0
"2156",9001,"C>T","Cell_7",0
"2157",9027,"C>T","Cell_1",0
"2158",9027,"C>T","Cell_2",0
"2159",9027,"C>T","Cell_3",0
"2160",9027,"C>T","Cell_4",0
"2161",9027,"C>T","Cell_5",0
"2162",9027,"C>T","Cell_6",0
"2163",9027,"C>T","Cell_7",0
"2164",9094,"C>T","Cell_1",0
"2165",9094,"C>T","Cell_2",0
"2166",9094,"C>T","Cell_3",0
"2167",9094,"C>T","Cell_4",0
"2168",9094,"C>T","Cell_5",0
"2169",9094,"C>T","Cell_6",0
"2170",9094,"C>T","Cell_7",0
"2171",9118,"C>T","Cell_1",0
"2172",9118,"C>T","Cell_2",0
"2173",9118,"C>T","Cell_3",0
"2174",9118,"C>T","Cell_4",0
"2175",9118,"C>T","Cell_5",0
"2176",9118,"C>T","Cell_6",0
"2177",9118,"C>T","Cell_7",0
"2178",9138,"C>T","Cell_1",0
"2179",9138,"C>T","Cell_2",0
"2180",9138,"C>T","Cell_3",0
"2181",9138,"C>T","Cell_4",0
"2182",9138,"C>T","Cell_5",0
"2183",9138,"C>T","Cell_6",0
"2184",9138,"C>T","Cell_7",0
"2185",9162,"C>T","Cell_1",0
"2186",9162,"C>T","Cell_2",0
"2187",9162,"C>T","Cell_3",0
"2188",9162,"C>T","Cell_4",0
"2189",9162,"C>T","Cell_5",0
"2190",9162,"C>T","Cell_6",0
"2191",9162,"C>T","Cell_7",0
"2192",9168,"C>T","Cell_1",0
"2193",9168,"C>T","Cell_2",0
"2194",9168,"C>T","Cell_3",0
"2195",9168,"C>T","Cell_4",0
"2196",9168,"C>T","Cell_5",0
"2197",9168,"C>T","Cell_6",0
"2198",9168,"C>T","Cell_7",0
"2199",9277,"C>T","Cell_1",0
"2200",9277,"C>T","Cell_2",0
"2201",9277,"C>T","Cell_3",0
"2202",9277,"C>T","Cell_4",0
"2203",9277,"C>T","Cell_5",0
"2204",9277,"C>T","Cell_6",0
"2205",9277,"C>T","Cell_7",0
"2206",9289,"C>T","Cell_1",0
"2207",9289,"C>T","Cell_2",0
"2208",9289,"C>T","Cell_3",0
"2209",9289,"C>T","Cell_4",0
"2210",9289,"C>T","Cell_5",0
"2211",9289,"C>T","Cell_6",0
"2212",9289,"C>T","Cell_7",0
"2213",9301,"C>T","Cell_1",0
"2214",9301,"C>T","Cell_2",0
"2215",9301,"C>T","Cell_3",0
"2216",9301,"C>T","Cell_4",0
"2217",9301,"C>T","Cell_5",0
"2218",9301,"C>T","Cell_6",0
"2219",9301,"C>T","Cell_7",0
"2220",9314,"C>T","Cell_1",0
"2221",9314,"C>T","Cell_2",0
"2222",9314,"C>T","Cell_3",0
"2223",9314,"C>T","Cell_4",0
"2224",9314,"C>T","Cell_5",0
"2225",9314,"C>T","Cell_6",0
"2226",9314,"C>T","Cell_7",0
"2227",9432,"C>T","Cell_1",0
"2228",9432,"C>T","Cell_2",0
"2229",9432,"C>T","Cell_3",0
"2230",9432,"C>T","Cell_4",0
"2231",9432,"C>T","Cell_5",0
"2232",9432,"C>T","Cell_6",0
"2233",9432,"C>T","Cell_7",0
"2234",9571,"C>T","Cell_1",0
"2235",9571,"C>T","Cell_2",0
"2236",9571,"C>T","Cell_3",0
"2237",9571,"C>T","Cell_4",0
"2238",9571,"C>T","Cell_5",0
"2239",9571,"C>T","Cell_6",0
"2240",9571,"C>T","Cell_7",0
"2241",9593,"C>T","Cell_1",0
"2242",9593,"C>T","Cell_2",0
"2243",9593,"C>T","Cell_3",0
"2244",9593,"C>T","Cell_4",0
"2245",9593,"C>T","Cell_5",0
"2246",9593,"C>T","Cell_6",0
"2247",9593,"C>T","Cell_7",0
"2248",9622,"C>T","Cell_1",0
"2249",9622,"C>T","Cell_2",0
"2250",9622,"C>T","Cell_3",0
"2251",9622,"C>T","Cell_4",0
"2252",9622,"C>T","Cell_5",0
"2253",9622,"C>T","Cell_6",0
"2254",9622,"C>T","Cell_7",0
"2255",9719,"C>T","Cell_1",0
"2256",9719,"C>T","Cell_2",0
"2257",9719,"C>T","Cell_3",0
"2258",9719,"C>T","Cell_4",0
"2259",9719,"C>T","Cell_5",0
"2260",9719,"C>T","Cell_6",0
"2261",9719,"C>T","Cell_7",0
"2262",9726,"A>T","Cell_1",0
"2263",9726,"A>T","Cell_2",0
"2264",9726,"A>T","Cell_3",0
"2265",9726,"A>T","Cell_4",0
"2266",9726,"A>T","Cell_5",0
"2267",9726,"A>T","Cell_6",0
"2268",9726,"A>T","Cell_7",0
"2269",9752,"C>T","Cell_1",0
"2270",9752,"C>T","Cell_2",0
"2271",9752,"C>T","Cell_3",0.25
"2272",9752,"C>T","Cell_4",0
"2273",9752,"C>T","Cell_5",0
"2274",9752,"C>T","Cell_6",0
"2275",9752,"C>T","Cell_7",0
"2276",10095,"C>T","Cell_1",0
"2277",10095,"C>T","Cell_2",0
"2278",10095,"C>T","Cell_3",0
"2279",10095,"C>T","Cell_4",0
"2280",10095,"C>T","Cell_5",0
"2281",10095,"C>T","Cell_6",0
"2282",10095,"C>T","Cell_7",0
"2283",10159,"C>T","Cell_1",0
"2284",10159,"C>T","Cell_2",0
"2285",10159,"C>T","Cell_3",0
"2286",10159,"C>T","Cell_4",0
"2287",10159,"C>T","Cell_5",0
"2288",10159,"C>T","Cell_6",0
"2289",10159,"C>T","Cell_7",0
"2290",10181,"C>T","Cell_1",0
"2291",10181,"C>T","Cell_2",0
"2292",10181,"C>T","Cell_3",0
"2293",10181,"C>T","Cell_4",0
"2294",10181,"C>T","Cell_5",0
"2295",10181,"C>T","Cell_6",0
"2296",10181,"C>T","Cell_7",0
"2297",10285,"C>T","Cell_1",0
"2298",10285,"C>T","Cell_2",0
"2299",10285,"C>T","Cell_3",0
"2300",10285,"C>T","Cell_4",0
"2301",10285,"C>T","Cell_5",0
"2302",10285,"C>T","Cell_6",0
"2303",10285,"C>T","Cell_7",0
"2304",10300,"C>T","Cell_1",0
"2305",10300,"C>T","Cell_2",0
"2306",10300,"C>T","Cell_3",0
"2307",10300,"C>T","Cell_4",0
"2308",10300,"C>T","Cell_5",0
"2309",10300,"C>T","Cell_6",0
"2310",10300,"C>T","Cell_7",0
"2311",10306,"A>T","Cell_1",0
"2312",10306,"A>T","Cell_2",0
"2313",10306,"A>T","Cell_3",0
"2314",10306,"A>T","Cell_4",0
"2315",10306,"A>T","Cell_5",0
"2316",10306,"A>T","Cell_6",0
"2317",10306,"A>T","Cell_7",0
"2318",10552,"C>T","Cell_1",0
"2319",10552,"C>T","Cell_2",0
"2320",10552,"C>T","Cell_3",0
"2321",10552,"C>T","Cell_4",0
"2322",10552,"C>T","Cell_5",0
"2323",10552,"C>T","Cell_6",0
"2324",10552,"C>T","Cell_7",0
"2325",10627,"C>T","Cell_1",0
"2326",10627,"C>T","Cell_2",0
"2327",10627,"C>T","Cell_3",0
"2328",10627,"C>T","Cell_4",0
"2329",10627,"C>T","Cell_5",0
"2330",10627,"C>T","Cell_6",0
"2331",10627,"C>T","Cell_7",0
"2332",10654,"C>T","Cell_1",0
"2333",10654,"C>T","Cell_2",0
"2334",10654,"C>T","Cell_3",0
"2335",10654,"C>T","Cell_4",0
"2336",10654,"C>T","Cell_5",0
"2337",10654,"C>T","Cell_6",0
"2338",10654,"C>T","Cell_7",0
"2339",10664,"C>T","Cell_1",0
"2340",10664,"C>T","Cell_2",0
"2341",10664,"C>T","Cell_3",0
"2342",10664,"C>T","Cell_4",0
"2343",10664,"C>T","Cell_5",0
"2344",10664,"C>T","Cell_6",0
"2345",10664,"C>T","Cell_7",0
"2346",10691,"C>T","Cell_1",0
"2347",10691,"C>T","Cell_2",0
"2348",10691,"C>T","Cell_3",0.142857142857143
"2349",10691,"C>T","Cell_4",0
"2350",10691,"C>T","Cell_5",0
"2351",10691,"C>T","Cell_6",0
"2352",10691,"C>T","Cell_7",0
"2353",10708,"C>T","Cell_1",0
"2354",10708,"C>T","Cell_2",0
"2355",10708,"C>T","Cell_3",0
"2356",10708,"C>T","Cell_4",0
"2357",10708,"C>T","Cell_5",0
"2358",10708,"C>T","Cell_6",0
"2359",10708,"C>T","Cell_7",0
"2360",10733,"C>T","Cell_1",0
"2361",10733,"C>T","Cell_2",0
"2362",10733,"C>T","Cell_3",0
"2363",10733,"C>T","Cell_4",0
"2364",10733,"C>T","Cell_5",0
"2365",10733,"C>T","Cell_6",0
"2366",10733,"C>T","Cell_7",0
"2367",10874,"C>T","Cell_1",0
"2368",10874,"C>T","Cell_2",0
"2369",10874,"C>T","Cell_3",0
"2370",10874,"C>T","Cell_4",0
"2371",10874,"C>T","Cell_5",0
"2372",10874,"C>T","Cell_6",0
"2373",10874,"C>T","Cell_7",0
"2374",10919,"C>T","Cell_1",0
"2375",10919,"C>T","Cell_2",0
"2376",10919,"C>T","Cell_3",0
"2377",10919,"C>T","Cell_4",0
"2378",10919,"C>T","Cell_5",0
"2379",10919,"C>T","Cell_6",0
"2380",10919,"C>T","Cell_7",0
"2381",10920,"C>T","Cell_1",0
"2382",10920,"C>T","Cell_2",0
"2383",10920,"C>T","Cell_3",0
"2384",10920,"C>T","Cell_4",0
"2385",10920,"C>T","Cell_5",0
"2386",10920,"C>T","Cell_6",0
"2387",10920,"C>T","Cell_7",0
"2388",10936,"C>T","Cell_1",0
"2389",10936,"C>T","Cell_2",0
"2390",10936,"C>T","Cell_3",0
"2391",10936,"C>T","Cell_4",0
"2392",10936,"C>T","Cell_5",0
"2393",10936,"C>T","Cell_6",0
"2394",10936,"C>T","Cell_7",0
"2395",10937,"C>T","Cell_1",0
"2396",10937,"C>T","Cell_2",0
"2397",10937,"C>T","Cell_3",0
"2398",10937,"C>T","Cell_4",0
"2399",10937,"C>T","Cell_5",0
"2400",10937,"C>T","Cell_6",0
"2401",10937,"C>T","Cell_7",0
"2402",10951,"C>T","Cell_1",0
"2403",10951,"C>T","Cell_2",0
"2404",10951,"C>T","Cell_3",0
"2405",10951,"C>T","Cell_4",0
"2406",10951,"C>T","Cell_5",0
"2407",10951,"C>T","Cell_6",0
"2408",10951,"C>T","Cell_7",0
"2409",10961,"C>T","Cell_1",0
"2410",10961,"C>T","Cell_2",0
"2411",10961,"C>T","Cell_3",0
"2412",10961,"C>T","Cell_4",0
"2413",10961,"C>T","Cell_5",0
"2414",10961,"C>T","Cell_6",0
"2415",10961,"C>T","Cell_7",0
"2416",11013,"C>T","Cell_1",0
"2417",11013,"C>T","Cell_2",0
"2418",11013,"C>T","Cell_3",0
"2419",11013,"C>T","Cell_4",0
"2420",11013,"C>T","Cell_5",0
"2421",11013,"C>T","Cell_6",0
"2422",11013,"C>T","Cell_7",0.0625
"2423",11043,"A>T","Cell_1",0
"2424",11043,"A>T","Cell_2",0
"2425",11043,"A>T","Cell_3",0
"2426",11043,"A>T","Cell_4",0
"2427",11043,"A>T","Cell_5",0
"2428",11043,"A>T","Cell_6",0
"2429",11043,"A>T","Cell_7",0
"2430",11062,"C>T","Cell_1",0
"2431",11062,"C>T","Cell_2",0
"2432",11062,"C>T","Cell_3",0
"2433",11062,"C>T","Cell_4",0
"2434",11062,"C>T","Cell_5",0
"2435",11062,"C>T","Cell_6",0
"2436",11062,"C>T","Cell_7",0
"2437",11178,"C>T","Cell_1",0
"2438",11178,"C>T","Cell_2",0
"2439",11178,"C>T","Cell_3",0
"2440",11178,"C>T","Cell_4",0
"2441",11178,"C>T","Cell_5",0
"2442",11178,"C>T","Cell_6",0
"2443",11178,"C>T","Cell_7",0
"2444",11197,"C>T","Cell_1",0
"2445",11197,"C>T","Cell_2",0
"2446",11197,"C>T","Cell_3",0
"2447",11197,"C>T","Cell_4",0
"2448",11197,"C>T","Cell_5",0
"2449",11197,"C>T","Cell_6",0
"2450",11197,"C>T","Cell_7",0
"2451",11215,"C>T","Cell_1",0
"2452",11215,"C>T","Cell_2",0
"2453",11215,"C>T","Cell_3",0
"2454",11215,"C>T","Cell_4",0
"2455",11215,"C>T","Cell_5",0
"2456",11215,"C>T","Cell_6",0
"2457",11215,"C>T","Cell_7",0
"2458",11231,"C>T","Cell_1",0
"2459",11231,"C>T","Cell_2",0
"2460",11231,"C>T","Cell_3",0
"2461",11231,"C>T","Cell_4",0
"2462",11231,"C>T","Cell_5",0
"2463",11231,"C>T","Cell_6",0
"2464",11231,"C>T","Cell_7",0
"2465",11302,"C>T","Cell_1",0
"2466",11302,"C>T","Cell_2",0
"2467",11302,"C>T","Cell_3",0
"2468",11302,"C>T","Cell_4",0
"2469",11302,"C>T","Cell_5",0
"2470",11302,"C>T","Cell_6",0
"2471",11302,"C>T","Cell_7",0
"2472",11495,"C>T","Cell_1",0
"2473",11495,"C>T","Cell_2",0
"2474",11495,"C>T","Cell_3",0
"2475",11495,"C>T","Cell_4",0
"2476",11495,"C>T","Cell_5",0
"2477",11495,"C>T","Cell_6",0
"2478",11495,"C>T","Cell_7",0
"2479",11632,"C>T","Cell_1",0
"2480",11632,"C>T","Cell_2",0
"2481",11632,"C>T","Cell_3",0
"2482",11632,"C>T","Cell_4",0.111111111111111
"2483",11632,"C>T","Cell_5",0
"2484",11632,"C>T","Cell_6",0
"2485",11632,"C>T","Cell_7",0
"2486",11638,"C>T","Cell_1",0
"2487",11638,"C>T","Cell_2",0
"2488",11638,"C>T","Cell_3",0
"2489",11638,"C>T","Cell_4",0
"2490",11638,"C>T","Cell_5",0
"2491",11638,"C>T","Cell_6",0
"2492",11638,"C>T","Cell_7",0
"2493",11676,"C>T","Cell_1",0
"2494",11676,"C>T","Cell_2",0
"2495",11676,"C>T","Cell_3",0
"2496",11676,"C>T","Cell_4",0
"2497",11676,"C>T","Cell_5",0
"2498",11676,"C>T","Cell_6",0
"2499",11676,"C>T","Cell_7",0
"2500",11724,"C>T","Cell_1",0
"2501",11724,"C>T","Cell_2",0
"2502",11724,"C>T","Cell_3",0
"2503",11724,"C>T","Cell_4",0
"2504",11724,"C>T","Cell_5",0
"2505",11724,"C>T","Cell_6",0
"2506",11724,"C>T","Cell_7",0
"2507",11730,"C>T","Cell_1",0
"2508",11730,"C>T","Cell_2",0
"2509",11730,"C>T","Cell_3",0
"2510",11730,"C>T","Cell_4",0
"2511",11730,"C>T","Cell_5",0
"2512",11730,"C>T","Cell_6",0
"2513",11730,"C>T","Cell_7",0
"2514",11789,"C>T","Cell_1",0
"2515",11789,"C>T","Cell_2",0
"2516",11789,"C>T","Cell_3",0
"2517",11789,"C>T","Cell_4",0
"2518",11789,"C>T","Cell_5",0
"2519",11789,"C>T","Cell_6",0
"2520",11789,"C>T","Cell_7",0
"2521",11801,"C>T","Cell_1",0
"2522",11801,"C>T","Cell_2",0
"2523",11801,"C>T","Cell_3",0
"2524",11801,"C>T","Cell_4",0
"2525",11801,"C>T","Cell_5",0
"2526",11801,"C>T","Cell_6",0
"2527",11801,"C>T","Cell_7",0
"2528",11946,"C>T","Cell_1",0
"2529",11946,"C>T","Cell_2",0
"2530",11946,"C>T","Cell_3",0
"2531",11946,"C>T","Cell_4",0
"2532",11946,"C>T","Cell_5",0
"2533",11946,"C>T","Cell_6",0
"2534",11946,"C>T","Cell_7",0
"2535",12191,"C>T","Cell_1",0
"2536",12191,"C>T","Cell_2",0
"2537",12191,"C>T","Cell_3",0
"2538",12191,"C>T","Cell_4",0
"2539",12191,"C>T","Cell_5",0
"2540",12191,"C>T","Cell_6",0
"2541",12191,"C>T","Cell_7",0
"2542",12206,"C>T","Cell_1",0
"2543",12206,"C>T","Cell_2",0
"2544",12206,"C>T","Cell_3",0
"2545",12206,"C>T","Cell_4",0
"2546",12206,"C>T","Cell_5",0
"2547",12206,"C>T","Cell_6",0
"2548",12206,"C>T","Cell_7",0
"2549",12224,"C>T","Cell_1",0
"2550",12224,"C>T","Cell_2",0
"2551",12224,"C>T","Cell_3",0
"2552",12224,"C>T","Cell_4",0
"2553",12224,"C>T","Cell_5",0
"2554",12224,"C>T","Cell_6",0
"2555",12224,"C>T","Cell_7",0
"2556",12237,"C>T","Cell_1",0
"2557",12237,"C>T","Cell_2",0
"2558",12237,"C>T","Cell_3",0
"2559",12237,"C>T","Cell_4",0
"2560",12237,"C>T","Cell_5",0.142857142857143
"2561",12237,"C>T","Cell_6",0
"2562",12237,"C>T","Cell_7",0
"2563",12281,"C>T","Cell_1",0
"2564",12281,"C>T","Cell_2",0
"2565",12281,"C>T","Cell_3",0
"2566",12281,"C>T","Cell_4",0
"2567",12281,"C>T","Cell_5",0
"2568",12281,"C>T","Cell_6",0
"2569",12281,"C>T","Cell_7",0
"2570",12374,"C>T","Cell_1",0
"2571",12374,"C>T","Cell_2",0
"2572",12374,"C>T","Cell_3",0
"2573",12374,"C>T","Cell_4",0
"2574",12374,"C>T","Cell_5",0
"2575",12374,"C>T","Cell_6",0
"2576",12374,"C>T","Cell_7",0
"2577",12483,"C>T","Cell_1",0
"2578",12483,"C>T","Cell_2",0
"2579",12483,"C>T","Cell_3",0
"2580",12483,"C>T","Cell_4",0
"2581",12483,"C>T","Cell_5",0
"2582",12483,"C>T","Cell_6",0
"2583",12483,"C>T","Cell_7",0
"2584",12511,"C>T","Cell_1",0
"2585",12511,"C>T","Cell_2",0
"2586",12511,"C>T","Cell_3",0
"2587",12511,"C>T","Cell_4",0
"2588",12511,"C>T","Cell_5",0
"2589",12511,"C>T","Cell_6",0
"2590",12511,"C>T","Cell_7",0
"2591",12636,"C>T","Cell_1",0
"2592",12636,"C>T","Cell_2",0
"2593",12636,"C>T","Cell_3",0
"2594",12636,"C>T","Cell_4",0
"2595",12636,"C>T","Cell_5",0
"2596",12636,"C>T","Cell_6",0
"2597",12636,"C>T","Cell_7",0
"2598",12700,"C>T","Cell_1",0
"2599",12700,"C>T","Cell_2",0.5
"2600",12700,"C>T","Cell_3",0
"2601",12700,"C>T","Cell_4",0
"2602",12700,"C>T","Cell_5",0.5
"2603",12700,"C>T","Cell_6",0
"2604",12700,"C>T","Cell_7",0
"2605",12741,"C>T","Cell_1",0
"2606",12741,"C>T","Cell_2",0
"2607",12741,"C>T","Cell_3",0
"2608",12741,"C>T","Cell_4",0
"2609",12741,"C>T","Cell_5",0
"2610",12741,"C>T","Cell_6",0
"2611",12741,"C>T","Cell_7",0
"2612",12813,"C>T","Cell_1",0
"2613",12813,"C>T","Cell_2",0
"2614",12813,"C>T","Cell_3",0
"2615",12813,"C>T","Cell_4",0.0833333333333333
"2616",12813,"C>T","Cell_5",0
"2617",12813,"C>T","Cell_6",0
"2618",12813,"C>T","Cell_7",0
"2619",12882,"C>T","Cell_1",0
"2620",12882,"C>T","Cell_2",0
"2621",12882,"C>T","Cell_3",0
"2622",12882,"C>T","Cell_4",0
"2623",12882,"C>T","Cell_5",0
"2624",12882,"C>T","Cell_6",0
"2625",12882,"C>T","Cell_7",0
"2626",12934,"C>T","Cell_1",0
"2627",12934,"C>T","Cell_2",0
"2628",12934,"C>T","Cell_3",0
"2629",12934,"C>T","Cell_4",0
"2630",12934,"C>T","Cell_5",0
"2631",12934,"C>T","Cell_6",0
"2632",12934,"C>T","Cell_7",0
"2633",12970,"C>T","Cell_1",0
"2634",12970,"C>T","Cell_2",0
"2635",12970,"C>T","Cell_3",0
"2636",12970,"C>T","Cell_4",0
"2637",12970,"C>T","Cell_5",0
"2638",12970,"C>T","Cell_6",0
"2639",12970,"C>T","Cell_7",0
"2640",12987,"C>T","Cell_1",0
"2641",12987,"C>T","Cell_2",0
"2642",12987,"C>T","Cell_3",0
"2643",12987,"C>T","Cell_4",0
"2644",12987,"C>T","Cell_5",0
"2645",12987,"C>T","Cell_6",0
"2646",12987,"C>T","Cell_7",0
"2647",13067,"C>T","Cell_1",0.133333333333333
"2648",13067,"C>T","Cell_2",0
"2649",13067,"C>T","Cell_3",0
"2650",13067,"C>T","Cell_4",0
"2651",13067,"C>T","Cell_5",0
"2652",13067,"C>T","Cell_6",0
"2653",13067,"C>T","Cell_7",0
"2654",13156,"C>T","Cell_1",0
"2655",13156,"C>T","Cell_2",0
"2656",13156,"C>T","Cell_3",0
"2657",13156,"C>T","Cell_4",0
"2658",13156,"C>T","Cell_5",0
"2659",13156,"C>T","Cell_6",0
"2660",13156,"C>T","Cell_7",0
"2661",13166,"C>T","Cell_1",0
"2662",13166,"C>T","Cell_2",0
"2663",13166,"C>T","Cell_3",0
"2664",13166,"C>T","Cell_4",0
"2665",13166,"C>T","Cell_5",0
"2666",13166,"C>T","Cell_6",0
"2667",13166,"C>T","Cell_7",0
"2668",13227,"C>T","Cell_1",0
"2669",13227,"C>T","Cell_2",0
"2670",13227,"C>T","Cell_3",0
"2671",13227,"C>T","Cell_4",0
"2672",13227,"C>T","Cell_5",0
"2673",13227,"C>T","Cell_6",0
"2674",13227,"C>T","Cell_7",0
"2675",13327,"A>T","Cell_1",0
"2676",13327,"A>T","Cell_2",0
"2677",13327,"A>T","Cell_3",0
"2678",13327,"A>T","Cell_4",0
"2679",13327,"A>T","Cell_5",0
"2680",13327,"A>T","Cell_6",0
"2681",13327,"A>T","Cell_7",0
"2682",13330,"C>T","Cell_1",0
"2683",13330,"C>T","Cell_2",0
"2684",13330,"C>T","Cell_3",0
"2685",13330,"C>T","Cell_4",0
"2686",13330,"C>T","Cell_5",0
"2687",13330,"C>T","Cell_6",0
"2688",13330,"C>T","Cell_7",0
"2689",13370,"C>T","Cell_1",0
"2690",13370,"C>T","Cell_2",0
"2691",13370,"C>T","Cell_3",0
"2692",13370,"C>T","Cell_4",0
"2693",13370,"C>T","Cell_5",0
"2694",13370,"C>T","Cell_6",0
"2695",13370,"C>T","Cell_7",0
"2696",13377,"C>T","Cell_1",0
"2697",13377,"C>T","Cell_2",0
"2698",13377,"C>T","Cell_3",0
"2699",13377,"C>T","Cell_4",0
"2700",13377,"C>T","Cell_5",0
"2701",13377,"C>T","Cell_6",0
"2702",13377,"C>T","Cell_7",0
"2703",13380,"C>T","Cell_1",0
"2704",13380,"C>T","Cell_2",0
"2705",13380,"C>T","Cell_3",0
"2706",13380,"C>T","Cell_4",0
"2707",13380,"C>T","Cell_5",0
"2708",13380,"C>T","Cell_6",0
"2709",13380,"C>T","Cell_7",0
"2710",13430,"C>T","Cell_1",0
"2711",13430,"C>T","Cell_2",0
"2712",13430,"C>T","Cell_3",0
"2713",13430,"C>T","Cell_4",0
"2714",13430,"C>T","Cell_5",0
"2715",13430,"C>T","Cell_6",0
"2716",13430,"C>T","Cell_7",0
"2717",13440,"C>T","Cell_1",0
"2718",13440,"C>T","Cell_2",0
"2719",13440,"C>T","Cell_3",0
"2720",13440,"C>T","Cell_4",0
"2721",13440,"C>T","Cell_5",0
"2722",13440,"C>T","Cell_6",0
"2723",13440,"C>T","Cell_7",0
"2724",13508,"C>T","Cell_1",0
"2725",13508,"C>T","Cell_2",0
"2726",13508,"C>T","Cell_3",0
"2727",13508,"C>T","Cell_4",0
"2728",13508,"C>T","Cell_5",0
"2729",13508,"C>T","Cell_6",0
"2730",13508,"C>T","Cell_7",0
"2731",13545,"C>T","Cell_1",0
"2732",13545,"C>T","Cell_2",0
"2733",13545,"C>T","Cell_3",0
"2734",13545,"C>T","Cell_4",0
"2735",13545,"C>T","Cell_5",0
"2736",13545,"C>T","Cell_6",0
"2737",13545,"C>T","Cell_7",0
"2738",13547,"C>T","Cell_1",0
"2739",13547,"C>T","Cell_2",0
"2740",13547,"C>T","Cell_3",0
"2741",13547,"C>T","Cell_4",0
"2742",13547,"C>T","Cell_5",0
"2743",13547,"C>T","Cell_6",0
"2744",13547,"C>T","Cell_7",0
"2745",13551,"C>T","Cell_1",0
"2746",13551,"C>T","Cell_2",0
"2747",13551,"C>T","Cell_3",0
"2748",13551,"C>T","Cell_4",0
"2749",13551,"C>T","Cell_5",0
"2750",13551,"C>T","Cell_6",0
"2751",13551,"C>T","Cell_7",0
"2752",13573,"C>T","Cell_1",0
"2753",13573,"C>T","Cell_2",0
"2754",13573,"C>T","Cell_3",0
"2755",13573,"C>T","Cell_4",0
"2756",13573,"C>T","Cell_5",0
"2757",13573,"C>T","Cell_6",0
"2758",13573,"C>T","Cell_7",0
"2759",13578,"C>T","Cell_1",0
"2760",13578,"C>T","Cell_2",0
"2761",13578,"C>T","Cell_3",0
"2762",13578,"C>T","Cell_4",0
"2763",13578,"C>T","Cell_5",0
"2764",13578,"C>T","Cell_6",0
"2765",13578,"C>T","Cell_7",0
"2766",13618,"C>T","Cell_1",0
"2767",13618,"C>T","Cell_2",0
"2768",13618,"C>T","Cell_3",0
"2769",13618,"C>T","Cell_4",0.166666666666667
"2770",13618,"C>T","Cell_5",0
"2771",13618,"C>T","Cell_6",0.363636363636364
"2772",13618,"C>T","Cell_7",0
"2773",13623,"C>T","Cell_1",0
"2774",13623,"C>T","Cell_2",0
"2775",13623,"C>T","Cell_3",0
"2776",13623,"C>T","Cell_4",0
"2777",13623,"C>T","Cell_5",0
"2778",13623,"C>T","Cell_6",0
"2779",13623,"C>T","Cell_7",0
"2780",13766,"C>T","Cell_1",0
"2781",13766,"C>T","Cell_2",0
"2782",13766,"C>T","Cell_3",0.166666666666667
"2783",13766,"C>T","Cell_4",0
"2784",13766,"C>T","Cell_5",0
"2785",13766,"C>T","Cell_6",0
"2786",13766,"C>T","Cell_7",0
"2787",13767,"C>T","Cell_1",0
"2788",13767,"C>T","Cell_2",0
"2789",13767,"C>T","Cell_3",0
"2790",13767,"C>T","Cell_4",0
"2791",13767,"C>T","Cell_5",0
"2792",13767,"C>T","Cell_6",0
"2793",13767,"C>T","Cell_7",0
"2794",13848,"C>T","Cell_1",0
"2795",13848,"C>T","Cell_2",0
"2796",13848,"C>T","Cell_3",0
"2797",13848,"C>T","Cell_4",0
"2798",13848,"C>T","Cell_5",0
"2799",13848,"C>T","Cell_6",0
"2800",13848,"C>T","Cell_7",0
"2801",13863,"C>T","Cell_1",0
"2802",13863,"C>T","Cell_2",0
"2803",13863,"C>T","Cell_3",0
"2804",13863,"C>T","Cell_4",0
"2805",13863,"C>T","Cell_5",0
"2806",13863,"C>T","Cell_6",0
"2807",13863,"C>T","Cell_7",0
"2808",13911,"A>T","Cell_1",0
"2809",13911,"A>T","Cell_2",0
"2810",13911,"A>T","Cell_3",0
"2811",13911,"A>T","Cell_4",0
"2812",13911,"A>T","Cell_5",0
"2813",13911,"A>T","Cell_6",0
"2814",13911,"A>T","Cell_7",0
"2815",13971,"C>T","Cell_1",0
"2816",13971,"C>T","Cell_2",0
"2817",13971,"C>T","Cell_3",0
"2818",13971,"C>T","Cell_4",0
"2819",13971,"C>T","Cell_5",0
"2820",13971,"C>T","Cell_6",0
"2821",13971,"C>T","Cell_7",0
"2822",14058,"C>T","Cell_1",0
"2823",14058,"C>T","Cell_2",0
"2824",14058,"C>T","Cell_3",0
"2825",14058,"C>T","Cell_4",0
"2826",14058,"C>T","Cell_5",0
"2827",14058,"C>T","Cell_6",0
"2828",14058,"C>T","Cell_7",0
"2829",14096,"A>T","Cell_1",0
"2830",14096,"A>T","Cell_2",0
"2831",14096,"A>T","Cell_3",0
"2832",14096,"A>T","Cell_4",0
"2833",14096,"A>T","Cell_5",0
"2834",14096,"A>T","Cell_6",0
"2835",14096,"A>T","Cell_7",0
"2836",14100,"C>T","Cell_1",0
"2837",14100,"C>T","Cell_2",0
"2838",14100,"C>T","Cell_3",0
"2839",14100,"C>T","Cell_4",0
"2840",14100,"C>T","Cell_5",0
"2841",14100,"C>T","Cell_6",0
"2842",14100,"C>T","Cell_7",0
"2843",14121,"C>T","Cell_1",0
"2844",14121,"C>T","Cell_2",0
"2845",14121,"C>T","Cell_3",0
"2846",14121,"C>T","Cell_4",0
"2847",14121,"C>T","Cell_5",0
"2848",14121,"C>T","Cell_6",0
"2849",14121,"C>T","Cell_7",0
"2850",14239,"C>T","Cell_1",0
"2851",14239,"C>T","Cell_2",0
"2852",14239,"C>T","Cell_3",0
"2853",14239,"C>T","Cell_4",0
"2854",14239,"C>T","Cell_5",0
"2855",14239,"C>T","Cell_6",0
"2856",14239,"C>T","Cell_7",0
"2857",14275,"C>T","Cell_1",0
"2858",14275,"C>T","Cell_2",0
"2859",14275,"C>T","Cell_3",0
"2860",14275,"C>T","Cell_4",0
"2861",14275,"C>T","Cell_5",0
"2862",14275,"C>T","Cell_6",0
"2863",14275,"C>T","Cell_7",0
"2864",14331,"C>T","Cell_1",0
"2865",14331,"C>T","Cell_2",0
"2866",14331,"C>T","Cell_3",0
"2867",14331,"C>T","Cell_4",0
"2868",14331,"C>T","Cell_5",0
"2869",14331,"C>T","Cell_6",0
"2870",14331,"C>T","Cell_7",0
"2871",14356,"C>T","Cell_1",0
"2872",14356,"C>T","Cell_2",0
"2873",14356,"C>T","Cell_3",0
"2874",14356,"C>T","Cell_4",0
"2875",14356,"C>T","Cell_5",0
"2876",14356,"C>T","Cell_6",0
"2877",14356,"C>T","Cell_7",0
"2878",14373,"C>T","Cell_1",0
"2879",14373,"C>T","Cell_2",0
"2880",14373,"C>T","Cell_3",0
"2881",14373,"C>T","Cell_4",0
"2882",14373,"C>T","Cell_5",0
"2883",14373,"C>T","Cell_6",0
"2884",14373,"C>T","Cell_7",0
"2885",14426,"C>T","Cell_1",0
"2886",14426,"C>T","Cell_2",0
"2887",14426,"C>T","Cell_3",0
"2888",14426,"C>T","Cell_4",0
"2889",14426,"C>T","Cell_5",0
"2890",14426,"C>T","Cell_6",0
"2891",14426,"C>T","Cell_7",0
"2892",14691,"C>T","Cell_1",0
"2893",14691,"C>T","Cell_2",0
"2894",14691,"C>T","Cell_3",0
"2895",14691,"C>T","Cell_4",0
"2896",14691,"C>T","Cell_5",0
"2897",14691,"C>T","Cell_6",0
"2898",14691,"C>T","Cell_7",0
"2899",14792,"C>T","Cell_1",0
"2900",14792,"C>T","Cell_2",0
"2901",14792,"C>T","Cell_3",0
"2902",14792,"C>T","Cell_4",0
"2903",14792,"C>T","Cell_5",0
"2904",14792,"C>T","Cell_6",0
"2905",14792,"C>T","Cell_7",0
"2906",14803,"C>T","Cell_1",0
"2907",14803,"C>T","Cell_2",0
"2908",14803,"C>T","Cell_3",0
"2909",14803,"C>T","Cell_4",0
"2910",14803,"C>T","Cell_5",0
"2911",14803,"C>T","Cell_6",0
"2912",14803,"C>T","Cell_7",0
"2913",14817,"C>T","Cell_1",0
"2914",14817,"C>T","Cell_2",0
"2915",14817,"C>T","Cell_3",0
"2916",14817,"C>T","Cell_4",0
"2917",14817,"C>T","Cell_5",0
"2918",14817,"C>T","Cell_6",0
"2919",14817,"C>T","Cell_7",0
"2920",14850,"C>T","Cell_1",0
"2921",14850,"C>T","Cell_2",0
"2922",14850,"C>T","Cell_3",0
"2923",14850,"C>T","Cell_4",0
"2924",14850,"C>T","Cell_5",0
"2925",14850,"C>T","Cell_6",0
"2926",14850,"C>T","Cell_7",0
"2927",14945,"G>T","Cell_1",0
"2928",14945,"G>T","Cell_2",0
"2929",14945,"G>T","Cell_3",0
"2930",14945,"G>T","Cell_4",0
"2931",14945,"G>T","Cell_5",0
"2932",14945,"G>T","Cell_6",0
"2933",14945,"G>T","Cell_7",0
"2934",14947,"C>T","Cell_1",0
"2935",14947,"C>T","Cell_2",0
"2936",14947,"C>T","Cell_3",0
"2937",14947,"C>T","Cell_4",0
"2938",14947,"C>T","Cell_5",0
"2939",14947,"C>T","Cell_6",0
"2940",14947,"C>T","Cell_7",0
"2941",14955,"C>T","Cell_1",0
"2942",14955,"C>T","Cell_2",0
"2943",14955,"C>T","Cell_3",0
"2944",14955,"C>T","Cell_4",0
"2945",14955,"C>T","Cell_5",0
"2946",14955,"C>T","Cell_6",0
"2947",14955,"C>T","Cell_7",0
"2948",14962,"C>T","Cell_1",0
"2949",14962,"C>T","Cell_2",0
"2950",14962,"C>T","Cell_3",0
"2951",14962,"C>T","Cell_4",0
"2952",14962,"C>T","Cell_5",0
"2953",14962,"C>T","Cell_6",0
"2954",14962,"C>T","Cell_7",0
"2955",14980,"C>T","Cell_1",0
"2956",14980,"C>T","Cell_2",0
"2957",14980,"C>T","Cell_3",0
"2958",14980,"C>T","Cell_4",0
"2959",14980,"C>T","Cell_5",0
"2960",14980,"C>T","Cell_6",0
"2961",14980,"C>T","Cell_7",0
"2962",14997,"C>T","Cell_1",0.0555555555555556
"2963",14997,"C>T","Cell_2",0
"2964",14997,"C>T","Cell_3",0
"2965",14997,"C>T","Cell_4",0
"2966",14997,"C>T","Cell_5",0
"2967",14997,"C>T","Cell_6",0
"2968",14997,"C>T","Cell_7",0
"2969",15032,"C>T","Cell_1",0
"2970",15032,"C>T","Cell_2",0
"2971",15032,"C>T","Cell_3",0
"2972",15032,"C>T","Cell_4",0
"2973",15032,"C>T","Cell_5",0
"2974",15032,"C>T","Cell_6",0
"2975",15032,"C>T","Cell_7",0
"2976",15044,"C>T","Cell_1",0
"2977",15044,"C>T","Cell_2",0
"2978",15044,"C>T","Cell_3",0
"2979",15044,"C>T","Cell_4",0
"2980",15044,"C>T","Cell_5",0
"2981",15044,"C>T","Cell_6",0
"2982",15044,"C>T","Cell_7",0
"2983",15068,"C>T","Cell_1",0
"2984",15068,"C>T","Cell_2",0
"2985",15068,"C>T","Cell_3",0
"2986",15068,"C>T","Cell_4",0.142857142857143
"2987",15068,"C>T","Cell_5",0
"2988",15068,"C>T","Cell_6",0
"2989",15068,"C>T","Cell_7",0
"2990",15073,"C>T","Cell_1",0
"2991",15073,"C>T","Cell_2",0
"2992",15073,"C>T","Cell_3",0
"2993",15073,"C>T","Cell_4",0
"2994",15073,"C>T","Cell_5",0
"2995",15073,"C>T","Cell_6",0
"2996",15073,"C>T","Cell_7",0
"2997",15100,"C>T","Cell_1",0
"2998",15100,"C>T","Cell_2",0
"2999",15100,"C>T","Cell_3",0
"3000",15100,"C>T","Cell_4",0
"3001",15100,"C>T","Cell_5",0
"3002",15100,"C>T","Cell_6",0
"3003",15100,"C>T","Cell_7",0
"3004",15111,"C>T","Cell_1",0
"3005",15111,"C>T","Cell_2",0
"3006",15111,"C>T","Cell_3",0
"3007",15111,"C>T","Cell_4",0
"3008",15111,"C>T","Cell_5",0
"3009",15111,"C>T","Cell_6",0
"3010",15111,"C>T","Cell_7",0
"3011",15114,"C>T","Cell_1",0
"3012",15114,"C>T","Cell_2",0
"3013",15114,"C>T","Cell_3",0
"3014",15114,"C>T","Cell_4",0
"3015",15114,"C>T","Cell_5",0
"3016",15114,"C>T","Cell_6",0
"3017",15114,"C>T","Cell_7",0
"3018",15259,"C>T","Cell_1",0.117647058823529
"3019",15259,"C>T","Cell_2",0.3
"3020",15259,"C>T","Cell_3",0.523809523809524
"3021",15259,"C>T","Cell_4",0.363636363636364
"3022",15259,"C>T","Cell_5",0.714285714285714
"3023",15259,"C>T","Cell_6",0
"3024",15259,"C>T","Cell_7",0
"3025",15265,"C>T","Cell_1",0
"3026",15265,"C>T","Cell_2",0
"3027",15265,"C>T","Cell_3",0
"3028",15265,"C>T","Cell_4",0
"3029",15265,"C>T","Cell_5",0
"3030",15265,"C>T","Cell_6",0
"3031",15265,"C>T","Cell_7",0
"3032",15271,"C>T","Cell_1",0
"3033",15271,"C>T","Cell_2",0
"3034",15271,"C>T","Cell_3",0
"3035",15271,"C>T","Cell_4",0
"3036",15271,"C>T","Cell_5",0
"3037",15271,"C>T","Cell_6",0
"3038",15271,"C>T","Cell_7",0
"3039",15303,"C>T","Cell_1",0
"3040",15303,"C>T","Cell_2",0
"3041",15303,"C>T","Cell_3",0
"3042",15303,"C>T","Cell_4",0
"3043",15303,"C>T","Cell_5",0
"3044",15303,"C>T","Cell_6",0
"3045",15303,"C>T","Cell_7",0
"3046",15324,"C>T","Cell_1",0
"3047",15324,"C>T","Cell_2",0
"3048",15324,"C>T","Cell_3",0
"3049",15324,"C>T","Cell_4",0
"3050",15324,"C>T","Cell_5",0
"3051",15324,"C>T","Cell_6",0
"3052",15324,"C>T","Cell_7",0
"3053",15386,"C>T","Cell_1",0
"3054",15386,"C>T","Cell_2",0
"3055",15386,"C>T","Cell_3",0
"3056",15386,"C>T","Cell_4",0
"3057",15386,"C>T","Cell_5",0
"3058",15386,"C>T","Cell_6",0
"3059",15386,"C>T","Cell_7",0.166666666666667
"3060",15400,"C>T","Cell_1",0
"3061",15400,"C>T","Cell_2",0
"3062",15400,"C>T","Cell_3",0
"3063",15400,"C>T","Cell_4",0
"3064",15400,"C>T","Cell_5",0
"3065",15400,"C>T","Cell_6",0.2
"3066",15400,"C>T","Cell_7",0
"3067",15420,"C>T","Cell_1",0
"3068",15420,"C>T","Cell_2",0
"3069",15420,"C>T","Cell_3",0
"3070",15420,"C>T","Cell_4",0
"3071",15420,"C>T","Cell_5",0
"3072",15420,"C>T","Cell_6",0
"3073",15420,"C>T","Cell_7",0
"3074",15490,"C>T","Cell_1",0
"3075",15490,"C>T","Cell_2",0
"3076",15490,"C>T","Cell_3",0
"3077",15490,"C>T","Cell_4",0
"3078",15490,"C>T","Cell_5",0
"3079",15490,"C>T","Cell_6",0
"3080",15490,"C>T","Cell_7",0
"3081",15600,"C>T","Cell_1",0
"3082",15600,"C>T","Cell_2",0
"3083",15600,"C>T","Cell_3",0
"3084",15600,"C>T","Cell_4",0
"3085",15600,"C>T","Cell_5",0
"3086",15600,"C>T","Cell_6",0
"3087",15600,"C>T","Cell_7",0
"3088",15608,"C>T","Cell_1",0
"3089",15608,"C>T","Cell_2",0
"3090",15608,"C>T","Cell_3",0
"3091",15608,"C>T","Cell_4",0
"3092",15608,"C>T","Cell_5",0
"3093",15608,"C>T","Cell_6",0
"3094",15608,"C>T","Cell_7",0
"3095",15651,"C>T","Cell_1",0
"3096",15651,"C>T","Cell_2",0
"3097",15651,"C>T","Cell_3",0
"3098",15651,"C>T","Cell_4",0
"3099",15651,"C>T","Cell_5",0
"3100",15651,"C>T","Cell_6",0
"3101",15651,"C>T","Cell_7",0
"3102",15698,"C>T","Cell_1",0
"3103",15698,"C>T","Cell_2",0
"3104",15698,"C>T","Cell_3",0
"3105",15698,"C>T","Cell_4",0
"3106",15698,"C>T","Cell_5",0
"3107",15698,"C>T","Cell_6",0
"3108",15698,"C>T","Cell_7",0
"3109",15733,"C>T","Cell_1",0
"3110",15733,"C>T","Cell_2",0
"3111",15733,"C>T","Cell_3",0
"3112",15733,"C>T","Cell_4",0
"3113",15733,"C>T","Cell_5",0
"3114",15733,"C>T","Cell_6",0
"3115",15733,"C>T","Cell_7",0
"3116",15745,"C>T","Cell_1",0
"3117",15745,"C>T","Cell_2",0
"3118",15745,"C>T","Cell_3",0
"3119",15745,"C>T","Cell_4",0
"3120",15745,"C>T","Cell_5",0
"3121",15745,"C>T","Cell_6",0
"3122",15745,"C>T","Cell_7",0
"3123",15749,"C>T","Cell_1",0
"3124",15749,"C>T","Cell_2",0
"3125",15749,"C>T","Cell_3",0
"3126",15749,"C>T","Cell_4",0
"3127",15749,"C>T","Cell_5",0
"3128",15749,"C>T","Cell_6",0
"3129",15749,"C>T","Cell_7",0
"3130",15751,"A>T","Cell_1",0
"3131",15751,"A>T","Cell_2",0
"3132",15751,"A>T","Cell_3",0
"3133",15751,"A>T","Cell_4",0
"3134",15751,"A>T","Cell_5",0
"3135",15751,"A>T","Cell_6",0
"3136",15751,"A>T","Cell_7",0
"3137",16014,"C>T","Cell_1",0
"3138",16014,"C>T","Cell_2",0
"3139",16014,"C>T","Cell_3",0
"3140",16014,"C>T","Cell_4",0
"3141",16014,"C>T","Cell_5",0
"3142",16014,"C>T","Cell_6",0
"3143",16014,"C>T","Cell_7",0
"3144",16067,"C>T","Cell_1",0
"3145",16067,"C>T","Cell_2",0
"3146",16067,"C>T","Cell_3",0
"3147",16067,"C>T","Cell_4",0
"3148",16067,"C>T","Cell_5",0
"3149",16067,"C>T","Cell_6",0
"3150",16067,"C>T","Cell_7",0
"3151",16069,"C>T","Cell_1",0
"3152",16069,"C>T","Cell_2",0
"3153",16069,"C>T","Cell_3",0
"3154",16069,"C>T","Cell_4",0
"3155",16069,"C>T","Cell_5",0
"3156",16069,"C>T","Cell_6",0
"3157",16069,"C>T","Cell_7",0
"3158",16147,"C>T","Cell_1",0
"3159",16147,"C>T","Cell_2",0
"3160",16147,"C>T","Cell_3",0
"3161",16147,"C>T","Cell_4",0
"3162",16147,"C>T","Cell_5",0
"3163",16147,"C>T","Cell_6",0
"3164",16147,"C>T","Cell_7",0
"3165",16175,"A>T","Cell_1",0
"3166",16175,"A>T","Cell_2",0
"3167",16175,"A>T","Cell_3",0
"3168",16175,"A>T","Cell_4",0
"3169",16175,"A>T","Cell_5",0
"3170",16175,"A>T","Cell_6",0
"3171",16175,"A>T","Cell_7",0
"3172",16184,"C>T","Cell_1",0
"3173",16184,"C>T","Cell_2",0
"3174",16184,"C>T","Cell_3",0
"3175",16184,"C>T","Cell_4",0
"3176",16184,"C>T","Cell_5",0
"3177",16184,"C>T","Cell_6",0
"3178",16184,"C>T","Cell_7",0
"3179",16403,"C>T","Cell_1",0
"3180",16403,"C>T","Cell_2",0
"3181",16403,"C>T","Cell_3",0
"3182",16403,"C>T","Cell_4",0
"3183",16403,"C>T","Cell_5",0
"3184",16403,"C>T","Cell_6",0
"3185",16403,"C>T","Cell_7",0
