,orig.ident,nCount_VAF,nFeature_VAF,VAF_snn_res.1,seurat_clusters
AAACGAAAGTCTGCTA-1,SeuratProject,3.66666666666667,12,4,4
AAACTCGAGCAGGAGG-1,SeuratProject,2.16467488181043,10,0,0
AAACTCGAGTAGAAGG-1,SeuratProject,1.72073563691211,8,1,1
AAACTCGCAAGTTCGT-1,SeuratProject,1.85095117415591,14,1,1
AAACTCGTCCCGTATC-1,SeuratProject,2.19189266615737,15,3,3
AAACTGCCATTACTTC-1,SeuratProject,2.25599352338483,10,3,3
AAAGATGGTAGCGAGT-1,SeuratProject,2.74013546055207,18,1,1
AAAGATGTCAGAACGG-1,SeuratProject,1.73907718856464,14,3,3
AAAGGATAGAAGAGTG-1,SeuratProject,1.51602564102564,7,2,2
AAAGGATCATCAGCTA-1,SeuratProject,2.21334374260071,12,1,1
AAAGGATCATCTCACC-1,SeuratProject,4.95396825396825,17,1,1
AAAGGGCCAAGGGAGG-1,SeuratProject,1.89298603724994,12,0,0
AAAGGGCCACACATTG-1,SeuratProject,2.7721916971917,14,0,0
AAAGGGCGTCAAACAA-1,SeuratProject,1.3527665317139,10,2,2
AAATGAGCATTGCCTC-1,SeuratProject,1.44676642586859,6,4,4
AAATGAGGTAGGGTCA-1,SeuratProject,2.18392197458694,8,0,0
AAATGAGGTGCCCGAT-1,SeuratProject,2.91666666666667,8,4,4
AAATGCCAGTACCTCA-1,SeuratProject,3.1413640707119,15,1,1
AAATGCCAGTGATTAG-1,SeuratProject,1.89689754689755,8,2,2
AAATGCCCATCGTACA-1,SeuratProject,2.93823953823954,8,5,5
AACAAAGGTCATAAGA-1,SeuratProject,3.65238095238095,10,3,3
AACAGTCAGAAATACC-1,SeuratProject,1.64552911966705,8,3,3
AACAGTCTCGTCCCTA-1,SeuratProject,1.56339020456667,8,1,1
AACCAACCACCGAATT-1,SeuratProject,1.91880441522495,9,0,0
AACCGATCATTCACCC-1,SeuratProject,2.8930406143564,12,1,1
AACCTGAGTGTGTGTT-1,SeuratProject,2.67420946252777,16,0,0
AACCTTTCACAGTAGG-1,SeuratProject,2.00099938897893,13,0,0
AACCTTTCACTCAAGT-1,SeuratProject,1.45318251044057,11,4,4
AACGAGGAGGAGGCGA-1,SeuratProject,1.54064707222602,9,3,3
AACGAGGAGTCGTATC-1,SeuratProject,1.46158008658009,6,3,3
AACGAGGCAAGGAACC-1,SeuratProject,3.34659033776681,12,1,1
AACGAGGCATAGCCAT-1,SeuratProject,1.00461306864386,11,1,1
AACGTACCATAGACGG-1,SeuratProject,3.26663614163614,11,0,0
AACTGGTAGCTCCGGT-1,SeuratProject,1.57411014911015,7,3,3
AACTGGTGTTACCCAA-1,SeuratProject,1.9212037962038,9,4,4
AACTGTGCAGTCAGAG-1,SeuratProject,1.46842105263158,6,0,0
AACTGTGGTCCGTCGA-1,SeuratProject,3.10238095238095,7,3,3
AACTGTGGTGGACTGA-1,SeuratProject,1.50338827838828,8,0,0
AACTTGGCAACAACTC-1,SeuratProject,2.13377759495407,10,1,1
AACTTGGGTAACGGTG-1,SeuratProject,1.23538961038961,5,2,2
AACTTGGGTTTGCCCT-1,SeuratProject,2.41072699230594,8,1,1
AACTTGGTCCCAGCAG-1,SeuratProject,2.21983643901974,12,4,4
AAGATAGAGATGCGAC-1,SeuratProject,2.25853590853591,11,0,0
AAGATAGCAGGCACAA-1,SeuratProject,2.80495479523343,15,3,3
AAGGTTCAGTATGGGC-1,SeuratProject,1.27308802308802,5,5,5
AAGGTTCAGTTTGGAA-1,SeuratProject,2.41439393939394,6,0,0
AATACGCGTATTGTCG-1,SeuratProject,4.38412698412698,10,2,2
AATACGCGTTAGCTCA-1,SeuratProject,1.20238095238095,5,4,4
AATACGCTCTCATCCG-1,SeuratProject,1.21904761904762,4,1,1
AATGCCAAGCCCATTA-1,SeuratProject,0.753282828282828,4,1,1
AATGCCAGTGATGCTT-1,SeuratProject,1.51125804020541,9,0,0
AATGGAACACAGGAAC-1,SeuratProject,1.07051282051282,6,4,4
AATGGAAGTATTCACG-1,SeuratProject,2.15736763236763,9,2,2
AATGGAAGTGAGGGTT-1,SeuratProject,2.7451375379007,12,2,2
AATGGCTTCGAGTGTT-1,SeuratProject,1.81956902873807,21,0,0
AATGTCGGTACTTCAG-1,SeuratProject,2.08428021926474,10,0,0
AATGTCGTCATCGCAA-1,SeuratProject,1.6982905982906,6,4,4
ACAAACCCAAGTCTCA-1,SeuratProject,1.54904443382704,11,1,1
ACAAACCCAGTAAGAT-1,SeuratProject,0.598484848484849,3,3,3
ACAAACCGTAACGTAA-1,SeuratProject,1.74604642931857,17,4,4
ACAAACCTCTTAACGG-1,SeuratProject,2.11110257176753,12,3,3
ACAAACCTCTTAAGCG-1,SeuratProject,3.27940531690532,12,0,0
ACAAAGAAGAACCCGA-1,SeuratProject,4.81197691197691,11,0,0
ACAAAGACAGTAACGG-1,SeuratProject,1.55010351966874,7,0,0
ACAAGCTGTAGTACAA-1,SeuratProject,1.73926073926074,9,4,4
ACAAGCTGTATCAGCT-1,SeuratProject,1.08096348096348,7,1,1
ACAAGCTGTTTCCACC-1,SeuratProject,0.884559884559885,4,1,1
ACAATCGAGCGAATAT-1,SeuratProject,1.64370810349071,11,1,1
ACAGAAACATCACAGT-1,SeuratProject,2.56507936507936,8,3,3
ACAGAAACATTAGCAC-1,SeuratProject,1.96391941391941,7,0,0
ACAGAAAGTATGCTAC-1,SeuratProject,2.21432733932734,8,2,2
ACAGAAATCCCAATAG-1,SeuratProject,2.36913995297863,19,4,4
ACAGAAATCTTGTCGC-1,SeuratProject,1.24304388422035,9,1,1
ACAGACTCAAGCGGTA-1,SeuratProject,2.09047619047619,6,2,2
ACAGACTTCCCAATAG-1,SeuratProject,1.47859295298657,10,1,1
ACAGACTTCGGTAGGA-1,SeuratProject,1.51892471064672,10,4,4
ACAGCGCCAAGGACCA-1,SeuratProject,1.23571428571429,5,2,2
ACAGCGCTCCTGAAAC-1,SeuratProject,2.49010695187166,9,1,1
ACAGGCCTCTCGCGGA-1,SeuratProject,1.63333333333333,5,2,2
ACATGCAAGGAATGGA-1,SeuratProject,1.61447245564893,7,1,1
ACATGCAAGTCTCTAG-1,SeuratProject,1.98912922825966,10,0,0
ACATGCACACTTACAG-1,SeuratProject,1.93279857397504,5,2,2
ACATGCATCTCGACCT-1,SeuratProject,2.35761738261738,8,0,0
ACATGGTGTCGAGGTA-1,SeuratProject,2.19047619047619,5,4,4
ACATGGTTCCCACTTG-1,SeuratProject,1.43333333333333,3,5,5
ACCAAACCACTTATGG-1,SeuratProject,3.01349206349206,8,1,1
ACCAAACGTGCCCGAT-1,SeuratProject,3.71494893994894,14,0,0
ACCATCCTCACAACAC-1,SeuratProject,1.89806959466402,10,2,2
ACCCAAATCAGTGGTT-1,SeuratProject,2.09245374508532,12,5,5
ACCGAATAGCTATCCA-1,SeuratProject,2.86623931623932,11,3,3
ACCGAATTCGTAGCGC-1,SeuratProject,1.97134238310709,5,1,1
ACCGCAGAGACACGGT-1,SeuratProject,2.71840659340659,8,0,0
ACCGCAGAGCCATCAT-1,SeuratProject,1.51237488894759,12,1,1
ACCGCAGCAAATAGTG-1,SeuratProject,1.62937062937063,7,2,2
ACCGCAGTCGCGCTGA-1,SeuratProject,4.71111111111111,11,0,0
ACCTGCTTCCCGCAAG-1,SeuratProject,2.04523858494447,12,0,0
ACGGATTAGAGAGTTT-1,SeuratProject,1.94149454770736,9,0,0
ACGGATTTCGTGGAAG-1,SeuratProject,4.56904761904762,11,3,3
ACGTGGCAGCTAGCAG-1,SeuratProject,3.3537962037962,14,2,2
ACGTGGCCAGATGGCA-1,SeuratProject,1.94669913419913,6,6,6
ACGTGGCGTCAGAAAT-1,SeuratProject,1.44147814956639,10,0,0
ACGTGGCGTCCGTAGC-1,SeuratProject,2.55919913419913,8,2,2
ACGTTAGGTTACGCTA-1,SeuratProject,2.39494949494949,9,3,3
ACTAACGAGTAGGAAG-1,SeuratProject,3.15900093131531,21,0,0
ACTAACGCACTGTTAG-1,SeuratProject,2.2967032967033,7,1,1
ACTAACGGTAGGTAAT-1,SeuratProject,1.62766312696186,7,0,0
ACTAACGGTGTCCTTC-1,SeuratProject,1.22527472527473,5,1,1
ACTACCCAGATTACGA-1,SeuratProject,2.03333333333333,5,2,2
ACTACCCGTGCGTCCA-1,SeuratProject,2.00041712673292,5,0,0
ACTACGAGTATGAAGT-1,SeuratProject,1.51947439815087,8,4,4
ACTACGAGTTAGGAAT-1,SeuratProject,1.89628879892038,9,0,0
ACTACGAGTTTGTACG-1,SeuratProject,2.33697691197691,7,3,3
ACTAGGTAGCGATACG-1,SeuratProject,1.83308249619312,14,1,1
ACTAGGTAGGCACTAG-1,SeuratProject,1.71840659340659,7,5,5
ACTAGGTCATAAAGTG-1,SeuratProject,1.94986282879527,17,1,1
ACTAGGTGTCTGTGTA-1,SeuratProject,2.26246517974779,9,0,0
ACTAGGTTCTTGTCGC-1,SeuratProject,0.761390374331551,6,3,3
ACTATTCCACCGAAAG-1,SeuratProject,1.91773504273504,9,4,4
ACTATTCGTCTGGGCT-1,SeuratProject,2.47222222222222,7,1,1
ACTATTCGTGGACCAA-1,SeuratProject,1.6467032967033,6,0,0
ACTCGGGAGGATCCTT-1,SeuratProject,3.22222222222222,11,2,2
ACTCGGGAGTACCCAT-1,SeuratProject,1.38494133885438,9,3,3
ACTCGGGGTGCACCCA-1,SeuratProject,1.63055555555556,7,1,1
ACTCGGGGTGTGAGGT-1,SeuratProject,1.10778841041999,6,0,0
ACTCGGGTCGCCCTTA-1,SeuratProject,1.66743247006405,7,4,4
ACTCGGGTCTCGACAA-1,SeuratProject,0.838095238095238,2,2,2
ACTGCAAAGTACAACA-1,SeuratProject,3.28755827505827,16,1,1
ACTGCAATCAATCGTG-1,SeuratProject,2.09702228885665,7,0,0
ACTGCAATCCTCAAGA-1,SeuratProject,3.56717171717172,11,0,0
ACTGCAATCGCAAGCC-1,SeuratProject,1.50477111897391,8,1,1
ACTGCAATCGTTGTTT-1,SeuratProject,1.92737525632262,9,0,0
ACTGCGGTCCGCTCTA-1,SeuratProject,1.03730158730159,4,2,2
ACTGTCCCACCTCGTT-1,SeuratProject,2.2326991429623,8,0,0
ACTGTCCGTGGCATAG-1,SeuratProject,3.10028100554416,14,3,3
ACTTCCGAGGAGACTC-1,SeuratProject,3.9,6,0,0
ACTTCCGTCGAGTGTT-1,SeuratProject,2.67686561804209,10,0,0
ACTTTCAGTGCGTAGA-1,SeuratProject,1.3708309234625,6,4,4
ACTTTCAGTTCATTTC-1,SeuratProject,3.58419913419913,12,5,5
ACTTTCATCCGTGCAG-1,SeuratProject,2.3547619047619,8,1,1
ACTTTCATCCTGGGAC-1,SeuratProject,1.77002801120448,8,2,2
ACTTTCATCGATGCAT-1,SeuratProject,4.21111111111111,10,1,1
AGACAAACAACGAGGT-1,SeuratProject,2.22142857142857,6,2,2
AGACAAACACTTTGGA-1,SeuratProject,2.46569906701486,13,3,3
AGACAAATCGTGCTGG-1,SeuratProject,2.82738095238095,7,2,2
AGATAGAAGGTCACTT-1,SeuratProject,3.0475690975691,11,2,2
AGATAGAAGTTCAACC-1,SeuratProject,2.16953502075094,29,1,1
AGATAGACACTACACA-1,SeuratProject,4.24332611832612,11,0,0
AGATTCGAGACCCATT-1,SeuratProject,3.81515151515151,11,1,1
AGATTCGAGGGTTCTT-1,SeuratProject,1.39166666666667,4,2,2
AGATTCGCAAGATGCG-1,SeuratProject,1.81551036682616,9,3,3
AGATTCGCACGCTGTG-1,SeuratProject,2.87452253628724,17,1,1
AGCCAGCAGCTGGAGT-1,SeuratProject,2.47581815163978,18,1,1
AGCCAGCCACGTTAGT-1,SeuratProject,3.0546398046398,10,0,0
AGCCAGCCATGGGTGA-1,SeuratProject,1.59624463256042,8,2,2
AGCCAGCCATGGTATC-1,SeuratProject,1.23684523809524,6,1,1
AGCCAGCGTGTCCTTC-1,SeuratProject,2.34318194877018,13,0,0
AGCCCGAAGAAATACC-1,SeuratProject,1.64892635015633,11,3,3
AGCCCGACATCCGTAA-1,SeuratProject,2.04220573028623,9,4,4
AGCCCGAGTATCCTTT-1,SeuratProject,2.73594877344877,7,0,0
AGCCCGATCGTCCCTA-1,SeuratProject,2.05221151397622,12,0,0
AGCCGCAAGTCGAAAT-1,SeuratProject,2.12363820390136,11,0,0
AGCCGCACAAGGAACC-1,SeuratProject,2.16071428571429,7,2,2
AGCCGCACAAGTCTCA-1,SeuratProject,1.53316830228595,10,1,1
AGCCGCACACTGATAC-1,SeuratProject,3.92839105339105,13,5,5
AGCCGCAGTGGAAGCT-1,SeuratProject,1.36753246753247,5,3,3
AGCCTCTTCTCATCCG-1,SeuratProject,1.67951439061279,7,1,1
AGCCTGGAGTCTAGAA-1,SeuratProject,1.44444444444444,8,3,3
AGCCTGGTCTATAGGC-1,SeuratProject,3.06942677205835,14,0,0
AGCCTGGTCTCTTCCT-1,SeuratProject,1.27206349206349,7,2,2
AGCCTTCCAATGCACT-1,SeuratProject,1.49958374958375,5,3,3
AGCGATTAGGATTGAT-1,SeuratProject,3.15833333333333,8,3,3
AGCGATTAGTATACGA-1,SeuratProject,2.8926948051948,9,2,2
AGCGATTCAGTAACCT-1,SeuratProject,2.07461215255333,8,0,0
AGCGATTTCTGGACAT-1,SeuratProject,1.77429971988796,10,3,3
AGCGATTTCTTAAGCG-1,SeuratProject,2.17288757962099,11,0,0
AGCGTATCATGGAGGT-1,SeuratProject,2.21809009703747,10,2,2
AGCGTGCTCCTCCAGT-1,SeuratProject,1.21952693839104,10,4,4
AGCGTGCTCGGTCGAC-1,SeuratProject,3.01767399267399,14,0,0
AGCTATGGTGATGTGG-1,SeuratProject,3.20952380952381,6,2,2
AGCTGATCACTCGTGG-1,SeuratProject,1.32271241830065,6,2,2
AGCTGGCTCAGAGTGG-1,SeuratProject,3.48896103896104,13,1,1
AGCTGGCTCATTCTTG-1,SeuratProject,3.29603174603175,10,2,2
AGCTGGCTCGCTTGAA-1,SeuratProject,1.75,3,0,0
AGCTGTATCCATCGAA-1,SeuratProject,2.5206422662305,11,0,0
AGGACGAGTCAGAAAT-1,SeuratProject,12.7936663010192,51,1,1
AGGCCCACAAGCAATA-1,SeuratProject,1.41304112554113,7,3,3
AGGCCCACACTACACA-1,SeuratProject,2.35277777777778,10,1,1
AGGCCCACACTTGCGG-1,SeuratProject,2.57074951192598,9,1,1
AGGCCTGGTACGGAGT-1,SeuratProject,3.11666666666667,7,1,1
AGGCCTGGTCAAGACG-1,SeuratProject,2.11772340052679,25,1,1
AGGCCTGTCCTAAGTG-1,SeuratProject,2.0030525030525,7,4,4
AGGCGAAAGCAGGACT-1,SeuratProject,2.14044844044844,9,1,1
AGGCGTCCAACCTCTC-1,SeuratProject,3.63137140637141,12,3,3
AGGCGTCGTTCTGAGT-1,SeuratProject,2.32626262626263,10,0,0
AGTCAACCATGTAGAA-1,SeuratProject,1.47121848739496,6,1,1
AGTCAACGTAGCAGCA-1,SeuratProject,1.80806919258932,11,0,0
AGTCAACGTCACAGTT-1,SeuratProject,2.57215784215784,13,2,2
AGTCAACGTTTCCTAT-1,SeuratProject,2.63888888888889,5,2,2
AGTCAACTCCAGGTAT-1,SeuratProject,2.08803599781861,9,0,0
AGTCCGGAGTACCCAT-1,SeuratProject,3.41704014939309,10,0,0
AGTCCGGCAAGTTGCT-1,SeuratProject,0.887750049514755,7,0,0
AGTCCGGCAGGCAAGT-1,SeuratProject,1.78419913419913,6,0,0
AGTGCCGAGATCTCAC-1,SeuratProject,2.96414141414141,7,0,0
AGTGCGCCATACCCGG-1,SeuratProject,2.18298826777088,11,3,3
AGTGCGCGTTTGATCG-1,SeuratProject,2.45250872278736,11,4,4
AGTGCGCTCACAAGCT-1,SeuratProject,1.95871989121989,10,3,3
AGTGTACAGCAGAAAG-1,SeuratProject,1.91071428571429,8,2,2
AGTGTACGTCCATTGA-1,SeuratProject,1.75634622515427,9,4,4
AGTTACGCATTACTCT-1,SeuratProject,13.110720132024,120,6,6
AGTTACGGTGAGGGTT-1,SeuratProject,1.49124057916628,7,3,3
AGTTTGGCACTGAAGG-1,SeuratProject,2.19099546699978,16,0,0
AGTTTGGCAGCAATGG-1,SeuratProject,1.98250835421888,9,0,0
AGTTTGGGTGTACGCC-1,SeuratProject,3.74908424908425,8,1,1
AGTTTGGTCAAGGCAG-1,SeuratProject,2.01927015293113,17,1,1
AGTTTGGTCCAGTTAG-1,SeuratProject,2.23122710622711,9,2,2
ATAGGCTCACTGTTAG-1,SeuratProject,1.59214153243296,10,0,0
ATAGTCGGTTAACCAC-1,SeuratProject,2.11044840653132,7,1,1
ATATTCCAGGCTAAAT-1,SeuratProject,1.79957393483709,9,0,0
ATATTCCCACAAACGG-1,SeuratProject,1.75791611769873,7,0,0
ATATTCCCAGAATGCG-1,SeuratProject,3.94091596398098,22,0,0
ATATTCCCAGCGCGTT-1,SeuratProject,1.63184096896146,11,1,1
ATCCAGAAGGGAAGCG-1,SeuratProject,1.46753246753247,6,1,1
ATCCAGACACAGAAGC-1,SeuratProject,1.33333333333333,4,3,3
ATCCAGAGTCAGACGA-1,SeuratProject,2.87193084693085,14,2,2
ATCCAGAGTTGGCTTA-1,SeuratProject,2.28168498168498,7,0,0
ATCCAGATCGCTATTT-1,SeuratProject,8.94579667326436,59,1,1
ATCCCTGAGAACGTTA-1,SeuratProject,2.48611900082488,8,0,0
ATCCCTGCAAGGCGTA-1,SeuratProject,3.98888888888889,12,2,2
ATCCCTGGTAGAGAGA-1,SeuratProject,3.42217227217227,9,0,0
ATCCCTGTCGGTTCCT-1,SeuratProject,3.26587301587302,9,2,2
ATCCTCGAGTCCGATT-1,SeuratProject,1.80583347026379,13,2,2
ATCCTGCGTGCAAGAC-1,SeuratProject,0.765079365079365,4,3,3
ATCGAGTCATTACCTT-1,SeuratProject,1.5540404040404,5,5,5
ATCGAGTGTAACATAG-1,SeuratProject,3.11322566322566,11,4,4
ATCGAGTGTATCTCAG-1,SeuratProject,1.36904761904762,6,3,3
ATGCATGCACTGGGCT-1,SeuratProject,1.78333333333333,6,2,2
ATGCATGGTCATAGAA-1,SeuratProject,2.45461525189786,13,0,0
ATGCATGGTCTCTAAG-1,SeuratProject,3.09047619047619,8,0,0
ATGCATGTCAGGATCT-1,SeuratProject,1.54840029917261,14,1,1
ATGGATCAGACGCCAA-1,SeuratProject,1.69151387827858,10,0,0
ATGGATCAGATTACGA-1,SeuratProject,1.2745620772361,10,0,0
ATGGATCGTCACATTG-1,SeuratProject,3.0031462981463,10,0,0
ATGGATCGTCGAGAAC-1,SeuratProject,1.88069338069338,8,1,1
ATGTACGAGTACGACG-1,SeuratProject,1.69957268393801,11,1,1
ATGTACGCATTCACCC-1,SeuratProject,1.49566716808096,8,4,4
ATGTACGGTAAACGTA-1,SeuratProject,3.16383005545514,32,0,0
ATGTCGAAGGGAAGCG-1,SeuratProject,2.58886705399863,10,1,1
ATGTCGAGTAGCTGTT-1,SeuratProject,1.40354871917975,10,1,1
ATGTCTTAGGTTACAA-1,SeuratProject,2.78773448773449,10,3,3
ATGTCTTCAGCGCGTT-1,SeuratProject,2.10106837606838,6,3,3
ATGTCTTGTCTTAGCA-1,SeuratProject,1.66669898728722,7,2,2
ATGTTTCGTGCTGTCG-1,SeuratProject,1.61445507708666,8,0,0
ATTACCTGTCAAACAA-1,SeuratProject,1.97878787878788,4,0,0
ATTACTCCATCCGTGG-1,SeuratProject,3.59148351648352,10,3,3
ATTCGTTAGAACAGGA-1,SeuratProject,1.50154401154401,5,2,2
ATTCGTTGTGCCCAGT-1,SeuratProject,2.35966168122919,15,2,2
ATTCGTTGTGTTGTTG-1,SeuratProject,4.37076987340145,19,0,0
ATTCGTTGTTTCCGGG-1,SeuratProject,1.84384708428826,18,1,1
ATTGTGGAGCTGGAGT-1,SeuratProject,1.99203517071164,11,0,0
ATTTGTCCATGCACTA-1,SeuratProject,0.601190476190476,3,2,2
ATTTGTCGTAACGGTG-1,SeuratProject,2.37549019607843,10,2,2
CAAAGCTAGGCGATTG-1,SeuratProject,2.42607655203563,14,3,3
CAAAGCTAGTGTTCCA-1,SeuratProject,1.8468253968254,5,0,0
CAAAGCTAGTTTGGAA-1,SeuratProject,1.96414141414141,5,1,1
CAAAGCTCACATCATG-1,SeuratProject,2.50390282375577,17,1,1
CAAAGCTGTTTAAGGA-1,SeuratProject,1.74531024531025,6,4,4
CAACCAACAACGTCGC-1,SeuratProject,0.842006033182504,5,1,1
CAACCAAGTGCTTGAT-1,SeuratProject,1.15540560803719,7,1,1
CAACCAATCGACGGAA-1,SeuratProject,2.83585107702755,11,3,3
CAACCAATCTTCTCTC-1,SeuratProject,1.11870910765648,13,2,2
CAACGGCGTTGTGACT-1,SeuratProject,2.06904761904762,8,4,4
CAACGTAAGTGTCACT-1,SeuratProject,2.35959595959596,7,1,1
CAACGTACACCCATCT-1,SeuratProject,2.28395623533555,17,1,1
CAACGTAGTTAACCGT-1,SeuratProject,1.85122403323641,21,4,4
CAAGAAAAGATCGAGC-1,SeuratProject,2.35510210701315,17,0,0
CAAGAAAGTAACCCAT-1,SeuratProject,1.72970452215707,7,2,2
CAAGAAATCCTGTAGA-1,SeuratProject,2.06111111111111,6,1,1
CAAGCTAGTTTAGGAA-1,SeuratProject,2.06246531246531,11,1,1
CAAGGCCCATCCGTAA-1,SeuratProject,1.75249978779391,5,0,0
CAAGGCCGTGAATGTA-1,SeuratProject,1.3530382728054,8,0,0
CAAGGCCTCCGGAAAG-1,SeuratProject,3.43904779431095,17,1,1
CAAGGCCTCGTCGCAG-1,SeuratProject,2.51103294853295,8,1,1
CAATCCCCAGCGTCGT-1,SeuratProject,4.31930474209886,29,2,2
CAATCCCGTCTTAGCA-1,SeuratProject,1.64387577449401,11,1,1
CACAACAAGACGCCCT-1,SeuratProject,1.425,5,3,3
CACAACACATAGGCGA-1,SeuratProject,12.1065270012267,71,6,6
CACAGATGTGCAAGCA-1,SeuratProject,1.64780578898226,8,3,3
CACATGAAGACTTGAA-1,SeuratProject,1.59722222222222,5,4,4
CACATGACAATGGCAG-1,SeuratProject,1.48845698878678,7,1,1
CACATGACATCCCTCA-1,SeuratProject,2.05,6,3,3
CACATGACATCGACCG-1,SeuratProject,1.48333333333333,5,0,0
CACCACTGTCACAGGA-1,SeuratProject,4.51483957219251,16,3,3
CACCACTGTGCATTGT-1,SeuratProject,1.65013875013875,9,4,4
CACCACTTCGCATACA-1,SeuratProject,3.0459701246466,20,2,2
CACCTGTAGAAGCCGT-1,SeuratProject,5.74387556887557,22,5,5
CACCTGTAGACTTGAA-1,SeuratProject,2.87240896358543,8,4,4
CACCTGTAGGATATCA-1,SeuratProject,3.54722222222222,9,2,2
CACCTGTGTAGTTTGC-1,SeuratProject,2.12149321266968,6,3,3
CACCTGTGTTGCCGCA-1,SeuratProject,0.666666666666667,2,5,5
CACCTTGAGAAGACTT-1,SeuratProject,1.14772347535505,7,3,3
CACCTTGGTAGCGAGT-1,SeuratProject,9.98271051729905,64,6,6
CACCTTGGTGCCCGAT-1,SeuratProject,2.2343137254902,7,2,2
CACCTTGTCGCTAGTA-1,SeuratProject,3.81992386268702,16,0,0
CACGTTCTCACTACCC-1,SeuratProject,2.02222222222222,5,3,3
CACGTTCTCGCGCTGA-1,SeuratProject,1.79425438596491,10,1,1
CACTAAGCATCGTACA-1,SeuratProject,2.95089584328715,11,2,2
CACTAAGTCAAGGCAG-1,SeuratProject,1.55757575757576,6,2,2
CACTAAGTCAGTTGAC-1,SeuratProject,2.08491659511463,13,0,0
CACTGAAAGATCCGAG-1,SeuratProject,1.57692440302285,9,0,0
CACTGAAAGGTGTTGG-1,SeuratProject,1.69978497594597,9,1,1
CACTGAATCCTATCAT-1,SeuratProject,1.06558441558442,5,4,4
CACTGAATCGTTGTTT-1,SeuratProject,1.2297619047619,8,1,1
CAGCCTTAGAGGAATG-1,SeuratProject,2.64913324979115,15,0,0
CAGCCTTCAAGGCTTT-1,SeuratProject,2.12414709473533,7,3,3
CAGCCTTGTGCATTCA-1,SeuratProject,2.07264901764902,8,3,3
CAGCTAAAGTGATATG-1,SeuratProject,2.31875261834939,14,4,4
CAGCTAACACACACAT-1,SeuratProject,1.27219251336898,6,4,4
CAGCTAACATCATCGA-1,SeuratProject,2.00622710622711,8,3,3
CAGCTAAGTGTTTCTT-1,SeuratProject,1.6075120584195,8,5,5
CAGCTAAGTTTAGAAG-1,SeuratProject,1.25208813742648,8,2,2
CAGCTAATCGATCTTT-1,SeuratProject,2.11904761904762,4,3,3
CAGCTGGCATAAAGTG-1,SeuratProject,1.06356421356421,5,2,2
CAGGATTAGGATATCA-1,SeuratProject,1.40726058539358,7,1,1
CAGGATTCACAGCTTA-1,SeuratProject,1.39709595959596,4,2,2
CAGGATTGTCGGCTGT-1,SeuratProject,1.42467532467532,5,2,2
CAGGGCTCAATAGCGG-1,SeuratProject,3.05378787878788,12,4,4
CAGGGCTTCGTCGCAG-1,SeuratProject,2.92784241901889,12,1,1
CAGTATGAGATATGTG-1,SeuratProject,0.945454545454545,3,3,3
CAGTATGAGGACCGAT-1,SeuratProject,1.66130895248542,12,2,2
CAGTATGCAGAAAGAG-1,SeuratProject,2.17045177045177,10,3,3
CAGTATGGTCCCGTGA-1,SeuratProject,1.93939634623998,15,4,4
CAGTATGGTCGAGAAC-1,SeuratProject,1.84848484848485,5,0,0
CAGTATGGTCTAACCA-1,SeuratProject,2.10675683965158,9,4,4
CAGTATGTCACAACAC-1,SeuratProject,1.66363636363636,5,2,2
CAGTATGTCGGGACAA-1,SeuratProject,1.50028122801736,7,4,4
CAGTGCGAGATACCAA-1,SeuratProject,1.65606060606061,5,4,4
CAGTGTACACGTACAT-1,SeuratProject,3.1423438273844,15,3,3
CAGTGTAGTGGCATAG-1,SeuratProject,1.9020659569189,10,1,1
CAGTGTATCGCTATTT-1,SeuratProject,2.78310921105039,16,4,4
CAGTGTATCTTTCGAT-1,SeuratProject,2.04502306979554,16,3,3
CATAACGAGGCGACTA-1,SeuratProject,1.8540457683003,16,0,0
CATAACGCATCAGCTA-1,SeuratProject,1.97167917403212,14,4,4
CATAACGGTAAGTGCG-1,SeuratProject,1.91425478475461,19,1,1
CATAACGGTACCTATG-1,SeuratProject,2.3540404040404,5,3,3
CATGCCTTCGATTACG-1,SeuratProject,2.00353535353535,5,1,1
CATGCCTTCGTGCTGG-1,SeuratProject,2.17063492063492,7,0,0
CATGTTTGTGCACTTA-1,SeuratProject,2.08688313512084,10,1,1
CATGTTTTCCGATTGA-1,SeuratProject,2.7470458196774,12,2,2
CATGTTTTCGATCGCG-1,SeuratProject,1.97715201465201,6,1,1
CATTCATCAGATACAA-1,SeuratProject,0.76984126984127,3,2,2
CATTCATTCAACACGT-1,SeuratProject,0.588888888888889,3,2,2
CATTCCGAGTTTGGAA-1,SeuratProject,1.93419288246874,6,0,0
CATTCCGCAAGCAACG-1,SeuratProject,1.94423003467121,12,4,4
CATTCCGGTAGATTAG-1,SeuratProject,3.89880952380952,10,1,1
CATTCCGTCGGATGTT-1,SeuratProject,3.08724769083835,15,1,1
CATTGGAAGAGGTACC-1,SeuratProject,2.06292318792319,9,3,3
CATTGGAAGTACCACT-1,SeuratProject,0.821378621378621,4,2,2
CATTGGACAGGATGTG-1,SeuratProject,2.26773281592287,12,0,0
CATTGGAGTCTGTCCT-1,SeuratProject,2.67822691836117,16,0,0
CATTGGATCACTCGGG-1,SeuratProject,1.35226162726163,14,0,0
CCAATGAAGAGAACCC-1,SeuratProject,1.25,5,0,0
CCAATGACAGAACAGC-1,SeuratProject,2.26785714285714,11,0,0
CCAATGATCGCTCTAC-1,SeuratProject,4.29399766899767,13,3,3
CCACAGGCACCACGAC-1,SeuratProject,1.64935064935065,4,5,5
CCACAGGGTAACTGAA-1,SeuratProject,2.8758658008658,8,4,4
CCACAGGTCTCGCGGA-1,SeuratProject,1.43731962481962,5,0,0
CCACGTTGTTAGGAGC-1,SeuratProject,1.43954248366013,6,4,4
CCAGAATGTGTCCAGC-1,SeuratProject,0.707811383662777,5,2,2
CCAGATAAGATCACCT-1,SeuratProject,18.0516335399709,87,6,6
CCAGATAAGCATGATA-1,SeuratProject,2.56883753501401,9,3,3
CCAGATACACGCTGTG-1,SeuratProject,2.12698412698413,8,0,0
CCATACCCACACATTG-1,SeuratProject,2.5108743601731,14,1,1
CCATACCGTCCAACCG-1,SeuratProject,1.40952380952381,4,2,2
CCATACCGTCCCGAGT-1,SeuratProject,1.22857142857143,5,1,1
CCATACCTCTGATCCC-1,SeuratProject,1.36491841491841,5,0,0
CCCACATAGATCCGAG-1,SeuratProject,2.15159684359048,16,2,2
CCCACATAGGCCTAAG-1,SeuratProject,2.21473536054738,9,0,0
CCCACATCATTGTGAC-1,SeuratProject,2.71744264507422,8,2,2
CCCAGAGGTATTGTGC-1,SeuratProject,1.12915695415695,6,5,5
CCCGTTAAGAATATCG-1,SeuratProject,1.91064016821199,13,1,1
CCCGTTAGTAAGGTCG-1,SeuratProject,2.85886890886891,14,4,4
CCCTAGTAGAGGAATG-1,SeuratProject,2.32876012876013,9,0,0
CCCTAGTCATCCGTAA-1,SeuratProject,1.68939393939394,5,3,3
CCCTAGTGTCTGGGAA-1,SeuratProject,2.59227994227994,6,3,3
CCCTCTCAGTGAACCG-1,SeuratProject,1.82002801120448,5,5,5
CCCTCTCCAAGCCAGA-1,SeuratProject,2.55296451914099,9,0,0
CCCTCTCCACAATAAG-1,SeuratProject,3.34558497058497,13,0,0
CCCTCTCTCCTCCTGA-1,SeuratProject,3.60426968797544,25,2,2
CCCTGATGTAGGGTTG-1,SeuratProject,1.41631701631702,5,2,2
CCCTGATGTTCGGGAA-1,SeuratProject,3.4766472934194,22,0,0
CCGAAGCGTTCTGAGT-1,SeuratProject,1.67272368717602,7,2,2
CCGAAGCTCATCGCAA-1,SeuratProject,2.24942660845352,15,0,0
CCGCATTAGATTACGA-1,SeuratProject,2.24870851972245,13,2,2
CCGCATTCAGAGATGC-1,SeuratProject,2.01272061272061,7,3,3
CCGTACTAGATCCGAG-1,SeuratProject,3.2491206398965,11,1,1
CCGTACTCATCACAGT-1,SeuratProject,1.97718516115107,11,0,0
CCGTACTTCTCCTTAA-1,SeuratProject,1.0512987012987,7,2,2
CCGTACTTCTGTAGAC-1,SeuratProject,5.0490138830225,26,2,2
CCGTACTTCTGTGTCC-1,SeuratProject,1.81837606837607,5,4,4
CCGTAGGAGTCAGGAC-1,SeuratProject,1.66666666666667,4,5,5
CCGTAGGCAATTAGGA-1,SeuratProject,1.60192307692308,8,1,1
CCGTAGGGTCGTAGTT-1,SeuratProject,2.38958139956592,16,1,1
CCGTAGGTCGCAAACT-1,SeuratProject,1.66428571428571,5,0,0
CCGTGAGAGACCATAA-1,SeuratProject,2.13194444444444,8,0,0
CCGTGAGGTCAAATCC-1,SeuratProject,2.20153787131341,13,4,4
CCGTGAGGTTCTTTGT-1,SeuratProject,2.37006604506605,8,3,3
CCTAAAGAGTGCAACG-1,SeuratProject,1.70597033685269,9,1,1
CCTATTAGTACGTATC-1,SeuratProject,1.17660256410256,5,3,3
CCTATTAGTGAAACAT-1,SeuratProject,2.48571428571429,6,2,2
CCTCCCTAGCTAACAA-1,SeuratProject,1.84131548149172,17,1,1
CCTCCCTAGTCTGCTA-1,SeuratProject,2.66785714285714,7,2,2
CCTCCCTAGTGCAACG-1,SeuratProject,3.82771199388846,12,0,0
CCTCCCTCACATTCTT-1,SeuratProject,1.41724055559798,15,0,0
CCTGCTAAGGTCTTTG-1,SeuratProject,1.35454671747241,6,2,2
CCTGCTACACCTCGTT-1,SeuratProject,2.20544455544456,8,2,2
CCTGCTATCCCTAAAG-1,SeuratProject,1.86626262626263,8,4,4
CCTGGGAGTTTCCGGG-1,SeuratProject,2.03098845598846,10,2,2
CCTGGGATCGGTTCCT-1,SeuratProject,1.74710328657697,10,0,0
CCTTAATAGAACGCCA-1,SeuratProject,3.10031635031635,12,1,1
CCTTAATAGCGCCTAC-1,SeuratProject,1.31111111111111,5,2,2
CCTTAATAGCTCGTTA-1,SeuratProject,2.30812386320368,23,1,1
CCTTAATAGTACAGAT-1,SeuratProject,2.18035657153304,10,1,1
CCTTAATCATGTGAGG-1,SeuratProject,1.94654836324528,7,0,0
CCTTAATCATTACTCT-1,SeuratProject,2.0036075036075,7,2,2
CCTTAATGTAGATTAG-1,SeuratProject,0.824675324675325,5,3,3
CCTTGCAAGCCCATGC-1,SeuratProject,3.97979797979798,17,1,1
CCTTGCAGTTCTGAGT-1,SeuratProject,1.15838744588745,5,1,1
CCTTGCATCATCGCAA-1,SeuratProject,1.3852956254272,5,1,1
CCTTGGTCACATCATG-1,SeuratProject,2.26198101041683,17,3,3
CCTTGGTCATGGAGGT-1,SeuratProject,2.42581937457257,9,4,4
CCTTGGTGTTCTGATG-1,SeuratProject,3.35959595959596,11,2,2
CCTTGGTGTTGCCTGG-1,SeuratProject,2.87111448493027,12,1,1
CCTTGGTGTTTGGATC-1,SeuratProject,1.75015262515263,7,2,2
CGAGTTAGTCTAAGAA-1,SeuratProject,3.74189421689422,20,2,2
CGAGTTAGTGTTAGAA-1,SeuratProject,2.06050699300699,9,0,0
CGATGATAGGAGTACC-1,SeuratProject,0.835889355742297,5,3,3
CGATGATAGTAACATG-1,SeuratProject,2.3969696969697,8,4,4
CGATGATCAACCTCTC-1,SeuratProject,2.78645047762695,15,0,0
CGATGATGTGCTTACA-1,SeuratProject,1.65260429225946,9,0,0
CGATGATTCTTTCGAT-1,SeuratProject,25.9849721695095,147,6,6
CGCAATAAGCCGCAAA-1,SeuratProject,3.42984678719973,13,0,0
CGCAATAAGGATTGAT-1,SeuratProject,1.47352092352092,9,0,0
CGCAATATCACGATTG-1,SeuratProject,1.77222222222222,5,2,2
CGCACAGAGAACGCCA-1,SeuratProject,2.36258020432876,15,2,2
CGCACAGCAATCATCG-1,SeuratProject,1.61226996906055,25,3,3
CGCACAGTCACCCGGA-1,SeuratProject,2.16984126984127,6,3,3
CGCAGGTCACACATGT-1,SeuratProject,1.07896825396825,6,4,4
CGCAGGTCATTCTTTG-1,SeuratProject,1.62242432434558,12,1,1
CGCAGGTGTCTCTGGG-1,SeuratProject,2.38899711399711,10,2,2
CGCGCAAGTCAGAAGC-1,SeuratProject,1.64976153282,7,0,0
CGCGCAAGTTTGGATC-1,SeuratProject,1.36666666666667,3,2,2
CGCGCAATCGTTCTAT-1,SeuratProject,1.75847763347763,5,1,1
CGCTAGGAGGTGATGC-1,SeuratProject,2.29727609982187,14,4,4
CGCTAGGTCCGGAAAG-1,SeuratProject,3.37142857142857,7,3,3
CGCTATCGTCAGACGA-1,SeuratProject,2.71767238052629,16,0,0
CGCTGGAAGGAGACTC-1,SeuratProject,1.9047619047619,5,1,1
CGCTGGACATCCCTCA-1,SeuratProject,2.12688258593513,9,0,0
CGCTGGAGTTCTACGA-1,SeuratProject,2.075,4,0,0
CGCTGGATCCATTGAG-1,SeuratProject,2.28661616161616,8,0,0
CGGACCATCGCTACCT-1,SeuratProject,1.74886321528923,9,0,0
CGGTGCAAGATACCAA-1,SeuratProject,2.39200918964077,13,0,0
CGGTGCACAGGGAGTT-1,SeuratProject,2.68073593073593,8,3,3
CGGTGCACAGTAACTC-1,SeuratProject,2.6595172256937,12,4,4
CGGTGCAGTGGCGCTT-1,SeuratProject,3.01839826839827,9,2,2
CGGTGCATCCTTACGC-1,SeuratProject,1.86666666666667,3,3,3
CGTAAACGTAACGGAC-1,SeuratProject,1.01996305768684,6,5,5
CGTAAACGTACCGGCT-1,SeuratProject,2.54498177261335,12,1,1
CGTAAACGTACTTGAC-1,SeuratProject,2.58268398268398,8,2,2
CGTAAACGTCAGACGA-1,SeuratProject,1.82903297682709,7,3,3
CGTAAACGTGGTACTT-1,SeuratProject,2.09704266321913,6,2,2
CGTAAACGTTCAGTTG-1,SeuratProject,1.81424551547704,10,1,1
CGTACAACAATGGCAG-1,SeuratProject,1.95748887988018,14,1,1
CGTACAACACTACACA-1,SeuratProject,2.95238095238095,6,4,4
CGTACAAGTGATAAGT-1,SeuratProject,2.40431096681097,8,0,0
CGTACAATCGCACCTT-1,SeuratProject,1.87745020997309,10,0,0
CGTGGCAAGTGTCCCG-1,SeuratProject,2.64305555555556,10,0,0
CGTGGCACACACATGT-1,SeuratProject,2.61554834054834,10,2,2
CGTGGCACACCTGTGG-1,SeuratProject,2.98538961038961,7,0,0
CGTGGCAGTTCGGGAA-1,SeuratProject,2.75535714285714,9,1,1
CGTGGCATCTTCTTCC-1,SeuratProject,2.61892551892552,8,4,4
CTAACTTCAACGGACA-1,SeuratProject,1.73742075777679,8,3,3
CTAACTTGTGGACAGT-1,SeuratProject,1.29968610251118,6,2,2
CTACAGAGTCCATTGA-1,SeuratProject,0.61764705882353,4,2,2
CTACTTAAGGCATGCA-1,SeuratProject,1.825,6,3,3
CTACTTATCCGCCTAT-1,SeuratProject,2.2867427077894,14,2,2
CTAGCGGCACTGAAGG-1,SeuratProject,1.88278709594499,8,0,0
CTAGCGGTCCATCTAT-1,SeuratProject,0.918686705451411,6,0,0
CTAGGATTCAGTTGAC-1,SeuratProject,1.77852147852148,5,0,0
CTAGGGCAGAACCATA-1,SeuratProject,2.96478696741855,11,4,4
CTAGGGCCATAGAATG-1,SeuratProject,1.71762567497862,10,4,4
CTCAACCAGCAGAATT-1,SeuratProject,1.60758508184979,11,1,1
CTCAACCCACAACGGA-1,SeuratProject,1.58079989242074,7,0,0
CTCAACCTCCAGTTAG-1,SeuratProject,2.76394351262772,11,3,3
CTCACCAGTAGTGATA-1,SeuratProject,2.20034687534688,9,0,0
CTCACCATCGATTACG-1,SeuratProject,1.62173273227881,14,3,3
CTCACCATCTGGGCGT-1,SeuratProject,2.79708428826076,11,3,3
CTCAGAAAGGTCGGTA-1,SeuratProject,3.26031746031746,12,3,3
CTCAGCTAGCAGAAAG-1,SeuratProject,1.71190476190476,4,0,0
CTCAGCTAGGATGCCA-1,SeuratProject,2.06613860563988,10,0,0
CTCAGCTAGTACGACG-1,SeuratProject,1.75593623253031,22,3,3
CTCAGCTAGTGATAAC-1,SeuratProject,1.25632047690871,6,1,1
CTCAGCTCAGAGCCAA-1,SeuratProject,2.31247065627871,10,0,0
CTCAGCTGTAGCCATT-1,SeuratProject,2.11071428571429,5,0,0
CTCAGCTGTTTCCGGG-1,SeuratProject,2.31131588999236,10,2,2
CTCATGCGTAGAAAGG-1,SeuratProject,1.67773270462058,6,3,3
CTCCCAAGTGGTCGAA-1,SeuratProject,3.92539682539683,11,4,4
CTCGCTAAGCGGACTA-1,SeuratProject,3.14005161505162,12,2,2
CTCGCTATCGTCGCAG-1,SeuratProject,4.3827002487051,22,1,1
CTCGCTATCTCGTGAA-1,SeuratProject,2.34433703551351,9,0,0
CTCTACGAGCTGAATA-1,SeuratProject,1.61111111111111,7,5,5
CTCTACGGTAGCGTTT-1,SeuratProject,4.22907647907648,14,1,1
CTCTACGTCCGAATTG-1,SeuratProject,3.71436472024707,15,1,1
CTCTACGTCGGTGATT-1,SeuratProject,1.93181818181818,7,3,3
CTCTCAGAGAGGCAGG-1,SeuratProject,3.88956043956044,10,2,2
CTCTCAGAGCCTATAC-1,SeuratProject,4.03888888888889,13,3,3
CTCTCAGCAAGAAACT-1,SeuratProject,0.5875,2,2,2
CTCTCAGCAGATTAAG-1,SeuratProject,2.33052364302364,8,4,4
CTCTCAGTCCTTTGCG-1,SeuratProject,1.97654229202578,18,4,4
CTCTCGAAGCAGGACT-1,SeuratProject,2.49206349206349,10,0,0
CTCTCGAAGGAAACTT-1,SeuratProject,5.77117306498111,20,4,4
CTCTCGAGTATGCTAC-1,SeuratProject,1.4890756302521,7,1,1
CTCTCGAGTGAGTCGA-1,SeuratProject,1.73346375846376,8,0,0
CTCTCGATCAGTACAC-1,SeuratProject,2.11666666666667,6,0,0
CTGAATGAGAGGCCTA-1,SeuratProject,1.72050865800866,7,1,1
CTGAATGCAAGGGAGG-1,SeuratProject,2.1401807643187,10,1,1
CTGAATGCAGTATCTG-1,SeuratProject,1.76442034047856,12,1,1
CTGAATGGTGTTTCTT-1,SeuratProject,2.5,8,3,3
CTGCGTTCATCGAGTT-1,SeuratProject,1.9282967032967,7,1,1
CTGCTCAAGGCAATTA-1,SeuratProject,2.09258362719566,16,2,2
CTGCTCAGTGCAAAGC-1,SeuratProject,2.12083333333333,7,1,1
CTGCTCAGTGGACCAA-1,SeuratProject,0.841269841269841,4,2,2
CTGGGACAGAAGCCGT-1,SeuratProject,2.23780663780664,8,2,2
CTGGGACGTAAAGCTA-1,SeuratProject,1.59827015090173,6,3,3
CTGGGACGTTCTGATG-1,SeuratProject,1.2576226662914,4,3,3
CTGTATTAGGAGTACC-1,SeuratProject,3.44741106989559,19,2,2
CTGTATTCAACGGACA-1,SeuratProject,3.68636363636364,13,0,0
CTGTATTCAAGAGCGT-1,SeuratProject,2.54166666666667,6,3,3
CTGTATTCAGAACAGC-1,SeuratProject,1.40742590742591,4,3,3
CTGTTCGAGATACCAA-1,SeuratProject,1.57265913611822,8,0,0
CTGTTCGAGTCATCTG-1,SeuratProject,1.27886811891389,7,3,3
CTGTTCGCAAGTCTGT-1,SeuratProject,1.4547619047619,5,3,3
CTGTTCGCATCCGTAA-1,SeuratProject,3.34908424908425,10,0,0
CTGTTCGCATGGCCGT-1,SeuratProject,2.33526751026751,8,3,3
CTGTTCGGTTCTGAGT-1,SeuratProject,1.97851198509093,6,1,1
CTGTTCGTCGGTCTAA-1,SeuratProject,3.11059218559219,7,0,0
CTTAATCCAATTGTGC-1,SeuratProject,1.7424572778029,12,1,1
CTTAATCTCTCGACAA-1,SeuratProject,1.41934046345811,7,0,0
CTTCCAGAGAGAGGTA-1,SeuratProject,1.97234791352438,9,3,3
CTTCCAGAGATGCGAC-1,SeuratProject,2.80549518895427,17,2,2
CTTCCAGCACGGCCAT-1,SeuratProject,2.95793650793651,9,1,1
CTTCCAGGTTGTATCG-1,SeuratProject,2.71218169085816,11,1,1
CTTCTAATCGTGAGTT-1,SeuratProject,2.93351370851371,10,3,3
CTTGAAGCAACAACTC-1,SeuratProject,2.94880952380952,10,4,4
CTTGAAGTCAATCGTG-1,SeuratProject,1.54444444444444,5,2,2
CTTGCCAAGAGGTGGG-1,SeuratProject,1.50635521885522,8,4,4
CTTGCCAAGTGTTCCA-1,SeuratProject,1.34078858661958,14,4,4
CTTGCCAGTCTCAAAC-1,SeuratProject,2.76857843738649,20,4,4
CTTGCTGCAAAGAGAG-1,SeuratProject,0.71420814479638,4,2,2
CTTGTCGGTTTAGAAG-1,SeuratProject,1.54817913269526,8,2,2
CTTTGCGAGTGTCACT-1,SeuratProject,1.33852813852814,6,3,3
CTTTGCGCAAATTCCG-1,SeuratProject,1.8901696007775,16,0,0
CTTTGCGGTCCGTCGA-1,SeuratProject,1.802331002331,6,1,1
CTTTGCGTCAATCGTG-1,SeuratProject,6.09055944055944,19,2,2
CTTTGCGTCCACTAGA-1,SeuratProject,2.28937908496732,10,3,3
GAAAGTAAGACGCCAA-1,SeuratProject,2.52625882889041,6,0,0
GAAAGTAAGACTTGAA-1,SeuratProject,2.43301282051282,9,2,2
GAAAGTAAGTAGGTCG-1,SeuratProject,2.66112857730505,13,1,1
GAAAGTAGTCATTGGT-1,SeuratProject,2.47058207810496,9,3,3
GAAATGAAGACAGCTG-1,SeuratProject,2.40709290709291,9,5,5
GAAATGAAGCTGGAGT-1,SeuratProject,1.9202380952381,7,1,1
GAAATGAAGGCAAGCT-1,SeuratProject,1.87505827505828,9,0,0
GAAATGAGTGGGTAGT-1,SeuratProject,1.42222222222222,4,2,2
GAAATGATCCAGTTAG-1,SeuratProject,1.91390539157942,17,2,2
GAACCGCCATTCACGA-1,SeuratProject,1.37738095238095,8,1,1
GAACCGCGTGAATGTA-1,SeuratProject,1.23697871245859,9,0,0
GAACCTACATTGCGAT-1,SeuratProject,1.18578643578644,5,3,3
GAACCTATCATGAACC-1,SeuratProject,1.61149015507378,13,4,4
GAACGTTAGGTACACG-1,SeuratProject,1.7268137254902,11,0,0
GAACGTTAGTCGAGCA-1,SeuratProject,1.46333333333333,4,2,2
GAACGTTCAAACCCTA-1,SeuratProject,0.620847573479152,4,3,3
GAACGTTGTCGAGAAC-1,SeuratProject,1.16785714285714,5,5,5
GAACGTTTCACGTCAA-1,SeuratProject,1.00357142857143,3,3,3
GAACTTGGTTACTTTC-1,SeuratProject,2.52777777777778,8,0,0
GAAGAGCGTAGCAGCA-1,SeuratProject,1.83108359133127,10,1,1
GAAGAGCTCTATCTAC-1,SeuratProject,2.80562770562771,12,2,2
GAAGTCTGTAGATTAG-1,SeuratProject,1.70794936332021,6,1,1
GAAGTCTTCCTGACCT-1,SeuratProject,1.27303533669633,6,0,0
GAAGTCTTCTGTGTCC-1,SeuratProject,2.22052616849243,12,0,0
GAATCTGGTACTTGAC-1,SeuratProject,1.59874030383779,13,1,1
GAATCTGTCCAAACCA-1,SeuratProject,2.76958270487682,8,1,1
GACCCAGAGTGCCCTG-1,SeuratProject,2.32063492063492,7,0,0
GACCCAGAGTGTAATG-1,SeuratProject,3.58888888888889,8,0,0
GACCCAGCAAGTGGCA-1,SeuratProject,3.94935064935065,14,1,1
GACCTTCAGAATGCTA-1,SeuratProject,1.52303807303807,10,2,2
GACCTTCCAAAGCTGG-1,SeuratProject,1.14558911200965,7,2,2
GACTAACAGGGCGAAG-1,SeuratProject,1.27280576021995,7,0,0
GACTAACAGTTCAGGG-1,SeuratProject,1.43733817923114,9,0,0
GACTAACCATCCGTAA-1,SeuratProject,3.06726508785332,11,3,3
GACTAACGTAAGTCTC-1,SeuratProject,1.53742727860375,5,2,2
GACTAACTCTTAACGG-1,SeuratProject,2.87235901353548,12,4,4
GACTAGTAGGATTTGA-1,SeuratProject,1.69509494337081,9,1,1
GACTAGTCAGGGAGTT-1,SeuratProject,1.18333333333333,4,0,0
GACTAGTGTCGGCTGT-1,SeuratProject,1.11904761904762,5,0,0
GAGAACGGTTGCTTGA-1,SeuratProject,2.07284382284382,8,3,3
GAGAACGTCCACGCTT-1,SeuratProject,2.90255577755578,13,2,2
GAGACTTAGTTATGAG-1,SeuratProject,1.03108966906921,6,2,2
GAGACTTTCGATATGC-1,SeuratProject,2.57222222222222,9,3,3
GAGATTCGTGTTGTTG-1,SeuratProject,2.77625413801884,13,4,4
GAGCATTGTACAAATG-1,SeuratProject,3.03956043956044,9,0,0
GAGCGCTTCAAACCAC-1,SeuratProject,1.83308945440524,8,1,1
GAGGATGGTCCAGACC-1,SeuratProject,2.3593862535813,14,4,4
GAGGATGGTGATCAGG-1,SeuratProject,2.22284186401833,10,0,0
GAGGATGTCTACATCT-1,SeuratProject,2.14993894993895,7,1,1
GAGGCTCCATGGCCGT-1,SeuratProject,1.09015151515152,5,4,4
GAGGTCCAGAGCGAAA-1,SeuratProject,1.5808519982433,11,0,0
GAGGTCCAGTACCCAT-1,SeuratProject,3.37564965003485,27,3,3
GAGGTCCAGTTGGAAT-1,SeuratProject,4.76590909090909,13,0,0
GAGGTCCCAGGTTATC-1,SeuratProject,5.12117604617605,21,2,2
GAGTGAGGTTACGGAG-1,SeuratProject,3.6732905982906,11,3,3
GAGTGAGGTTTCTTAC-1,SeuratProject,2.73831878475841,12,3,3
GAGTGAGTCGCTTCAC-1,SeuratProject,1.94090909090909,4,1,1
GATCATGCAGTAGGCA-1,SeuratProject,1.12774806892454,4,3,3
GATCATGTCCATATCT-1,SeuratProject,2.48425979325547,11,1,1
GATCATGTCGATAGGG-1,SeuratProject,2.67768518518519,15,0,0
GATCGTACAAAGAGAG-1,SeuratProject,1.43268398268398,8,1,1
GATGATCGTAGAACGC-1,SeuratProject,1.42857142857143,3,1,1
GATGATCTCATCGCCT-1,SeuratProject,1.95916107157526,10,3,3
GATGGCCAGCCTTTGA-1,SeuratProject,4.62222222222222,8,4,4
GATTGACCACTAGCCG-1,SeuratProject,2.68951048951049,5,3,3
GATTGACTCGCCACTT-1,SeuratProject,2.97162698412698,10,0,0
GATTGACTCGCTTCAC-1,SeuratProject,2.47449305080884,12,0,0
GCAAAGGAGTACCCAT-1,SeuratProject,0.682178932178932,6,4,4
GCAACCGAGCTTTCCC-1,SeuratProject,2.19728259550541,16,1,1
GCAACCGCACTCAAGT-1,SeuratProject,2.49750785739483,16,0,0
GCAACCGGTAACGGTG-1,SeuratProject,4.70557775557775,15,0,0
GCAACCGGTAGTATCC-1,SeuratProject,1.84634701383927,8,2,2
GCAACCGTCGCTAGTA-1,SeuratProject,3.12336127575729,18,1,1
GCACCTTCATGCGCTG-1,SeuratProject,1.77066719829878,6,2,2
GCACGCACAAGCCCTG-1,SeuratProject,2.50479085242243,14,3,3
GCACGCAGTAAACGGC-1,SeuratProject,1.56666666666667,6,4,4
GCACGCAGTGAGCTAG-1,SeuratProject,3.84924499305304,11,0,0
GCACGGTTCCATTGTT-1,SeuratProject,2.50307274424921,7,0,0
GCAGATTCATTAGCCA-1,SeuratProject,20.3951608384551,218,6,6
GCAGATTGTGGACAGT-1,SeuratProject,2.38770917465897,15,0,0
GCAGCCACACACATGT-1,SeuratProject,1.54646464646465,6,4,4
GCAGCCAGTCAGTGCC-1,SeuratProject,1.85045836516425,6,2,2
GCAGCTGAGCGTCAAG-1,SeuratProject,2.20808823529412,15,1,1
GCAGCTGGTAAGCCGA-1,SeuratProject,2.45672660672661,11,0,0
GCAGCTGTCACATTCT-1,SeuratProject,3.12208396178984,16,1,1
GCAGCTGTCTTATCAC-1,SeuratProject,1.93169337548125,22,1,1
GCATGATCATGCTATG-1,SeuratProject,2.02367331371908,11,3,3
GCATGATGTCTCTGCT-1,SeuratProject,4.22878787878788,9,1,1
GCATGATGTTAGAGAT-1,SeuratProject,1.1390756302521,6,5,5
GCATTCCCATGGATGG-1,SeuratProject,1.82436256553904,8,2,2
GCCAGACCAAGGCTTT-1,SeuratProject,1.12885108962335,14,1,1
GCCAGACCAGCGTAGA-1,SeuratProject,3.29365079365079,7,0,0
GCCAGACTCGCGTGAC-1,SeuratProject,4.04990728226022,23,4,4
GCCAGCAAGAGCAGCT-1,SeuratProject,1.70861164978812,5,3,3
GCCAGCAAGAGCTACG-1,SeuratProject,2.62756349102257,12,0,0
GCCAGCACATGGATGG-1,SeuratProject,1.89267476946894,11,0,0
GCCAGCACATTTCACT-1,SeuratProject,1.93601112939348,11,1,1
GCCAGCAGTGGACTGA-1,SeuratProject,2.05457984844395,19,4,4
GCCAGCATCGGTCTCT-1,SeuratProject,5.66719426256578,27,3,3
GCCAGCATCTGAAAGA-1,SeuratProject,10.47495004995,27,4,4
GCCATAAAGATGGGAA-1,SeuratProject,2.98113928125538,17,1,1
GCCATAACACAGATGG-1,SeuratProject,2.22080200501253,7,0,0
GCCATAAGTGCCCGAT-1,SeuratProject,2.83535353535354,9,3,3
GCCCAGAAGATATGTG-1,SeuratProject,1.9,7,3,3
GCCCAGAAGGCTTTAC-1,SeuratProject,0.230769230769231,2,2,2
GCCCAGATCTGTGTCC-1,SeuratProject,1.64026710054374,10,0,0
GCCCGAATCTGGCACG-1,SeuratProject,1.18328513591671,4,3,3
GCCTACTCACTGCTTC-1,SeuratProject,2.03262652380299,11,1,1
GCCTAGGTCCCACTTG-1,SeuratProject,1.61612817007554,11,1,1
GCGAGAAAGCCATGGA-1,SeuratProject,1.931130439075,17,0,0
GCGAGAAGTACATGGG-1,SeuratProject,2.23486513486513,12,0,0
GCGAGTCCATACCCGG-1,SeuratProject,2.92310693176792,17,1,1
GCGAGTCTCGGTCGAC-1,SeuratProject,1.49621847435982,8,0,0
GCGATCGCAAGGACCA-1,SeuratProject,2.36118326118326,11,1,1
GCGATCGTCGTGTGCG-1,SeuratProject,2.71158008658009,12,1,1
GCGATTACAACGTACT-1,SeuratProject,1.93779357897005,7,1,1
GCGATTATCTATACCT-1,SeuratProject,1.68333333333333,6,2,2
GCGCCAACAATAGTGA-1,SeuratProject,1.6297619047619,7,1,1
GCGCCAAGTTGCAGAG-1,SeuratProject,1.8184460621739,15,3,3
GCGGAAACAACAACTC-1,SeuratProject,2.13124398996169,14,3,3
GCGGGTTGTCCTATTT-1,SeuratProject,2.21941830357729,14,4,4
GCGGTGTAGCGTCAAG-1,SeuratProject,1.33211103895468,9,3,3
GCGGTGTAGTTAGCAA-1,SeuratProject,1.69071849264881,11,1,1
GCGGTGTCATAGATAG-1,SeuratProject,1.36357541595306,10,0,0
GCGTAGCAGGAAACTT-1,SeuratProject,1.57393825980783,8,0,0
GCGTAGCAGGATGCCA-1,SeuratProject,1.46277864855451,11,1,1
GCGTAGCCATAAAGTG-1,SeuratProject,3.38411833264774,15,3,3
GCGTAGCCATAGCCGC-1,SeuratProject,1.78183786159885,15,1,1
GCGTAGCTCGATATGC-1,SeuratProject,2.14815213166606,8,0,0
GCGTTGGAGACTAATG-1,SeuratProject,1.97740092559098,15,2,2
GCGTTGGCAGTAAGAT-1,SeuratProject,1.9762870299635,9,1,1
GCTCACTAGAATCAGT-1,SeuratProject,2.18344155844156,7,2,2
GCTCACTCAGGTAACG-1,SeuratProject,2.61398360411518,15,1,1
GCTCAGGGTATCAGCT-1,SeuratProject,1.82517266015718,7,3,3
GCTCAGGTCCTGAAAC-1,SeuratProject,3.28122710622711,11,0,0
GCTCAGGTCGGAGTTT-1,SeuratProject,1.93945868945869,7,0,0
GCTCAGGTCTGGCCAG-1,SeuratProject,1.81804388422035,10,2,2
GCTCCTAGTTGAATAG-1,SeuratProject,2.13504349108064,9,3,3
GCTCCTAGTTTCGATG-1,SeuratProject,1.38992751314733,8,0,0
GCTCGAGCACCTATTT-1,SeuratProject,2.39467026947839,11,0,0
GCTCGAGTCGAAGCCC-1,SeuratProject,1.36482683982684,5,2,2
GCTGAGCCACAGTTAC-1,SeuratProject,3.42548977796656,22,2,2
GCTGAGCGTAGCATGG-1,SeuratProject,2.23868830889818,11,4,4
GCTGAGCGTCCCGAGT-1,SeuratProject,2.4955488955489,9,0,0
GCTGAGCGTTTAGACC-1,SeuratProject,1.59015151515152,5,3,3
GCTGAGCTCAAAGTAG-1,SeuratProject,2.05927813071002,14,1,1
GCTGCGACATCCGTAA-1,SeuratProject,1.60098235098235,7,3,3
GCTGTTCCATTTCACT-1,SeuratProject,1.62237147744488,12,2,2
GCTGTTCTCGAAGCCC-1,SeuratProject,1.34586466165414,5,2,2
GCTTAAGCAGTTACAC-1,SeuratProject,2.27090964590965,8,4,4
GCTTAAGCATAGTCCA-1,SeuratProject,2.48081232492997,8,4,4
GCTTGCTAGTCTGCTA-1,SeuratProject,2.27738095238095,8,1,1
GCTTTCGGTGCATCAT-1,SeuratProject,2.12567783094099,10,3,3
GCTTTCGTCAGTCAAC-1,SeuratProject,2.10681818181818,6,0,0
GGAACCCCAGGCACAA-1,SeuratProject,3.33019105077929,14,1,1
GGAACCCGTAAGTCTC-1,SeuratProject,9.21354298865908,45,6,6
GGAACCCGTTACACTG-1,SeuratProject,1.3540404040404,6,3,3
GGAACTTAGGGCTTCC-1,SeuratProject,3.28253968253968,8,1,1
GGAACTTCATTACACG-1,SeuratProject,2.38500388500389,10,0,0
GGAACTTTCAGCACGC-1,SeuratProject,2.15067155067155,6,5,5
GGAACTTTCTATTTCG-1,SeuratProject,1.94452798663325,6,4,4
GGAATCTAGAACCATA-1,SeuratProject,1.45662995425364,9,1,1
GGAATCTCACCGTTGG-1,SeuratProject,3.65911531279178,15,2,2
GGAGAACGTCCAGACC-1,SeuratProject,1.49305498423145,7,1,1
GGAGAACGTGGTTCTA-1,SeuratProject,5.33814180988094,22,5,5
GGAGGATCAATTCTCT-1,SeuratProject,1.6779537456008,7,0,0
GGAGGATCATCACAAC-1,SeuratProject,1.66672389225631,11,0,0
GGAGGATGTCAGTGTT-1,SeuratProject,2.41229603729604,10,1,1
GGAGGATGTGGAAGCT-1,SeuratProject,1.76808856578678,10,1,1
GGAGGATTCAGGGTTT-1,SeuratProject,2.90952380952381,10,2,2
GGAGGATTCCCACTTG-1,SeuratProject,2.8,10,3,3
GGAGTAGCATATTGGC-1,SeuratProject,1.89556351222569,11,4,4
GGATAGGAGCTTTCCC-1,SeuratProject,1.24434258551906,5,2,2
GGATGAGTCGGAAAGC-1,SeuratProject,2.17525662823184,14,1,1
GGCACGTAGCTAGCAG-1,SeuratProject,2.19953359334164,9,2,2
GGCACGTAGGCAGTAC-1,SeuratProject,2.25711412770236,12,4,4
GGCACGTCAGGTTATC-1,SeuratProject,2.38695590745833,12,3,3
GGCATTATCGTCAACA-1,SeuratProject,3.05128205128205,5,0,0
GGCGAAAGTCTCTGCT-1,SeuratProject,2.14737110715372,11,3,3
GGCGAAATCCACTAGA-1,SeuratProject,0.856421356421356,4,2,2
GGCGTTGAGGTTCGTT-1,SeuratProject,0.82051282051282,2,2,2
GGCGTTGCATGGGAAC-1,SeuratProject,1.83600427350427,5,3,3
GGCGTTGGTACGGATG-1,SeuratProject,1.22957289067129,10,0,0
GGGAACAAGAATACTG-1,SeuratProject,0.506493506493507,2,2,2
GGGAACAAGGATGTCG-1,SeuratProject,2.58964728082375,11,2,2
GGGAACAAGTCAGCCC-1,SeuratProject,2.97844580450584,11,0,0
GGGAACACACAAACGG-1,SeuratProject,1.48536570756385,12,2,2
GGGACCTGTGTAGGAC-1,SeuratProject,0.826451444506593,8,4,4
GGGCCATTCCTCATTA-1,SeuratProject,2.27049062049062,10,3,3
GGGTCTGAGAAGCCTG-1,SeuratProject,2.05818713450292,7,0,0
GGGTCTGCACGTTGTA-1,SeuratProject,2.51313131313131,7,1,1
GGGTCTGTCACTAGGT-1,SeuratProject,2.28360298602234,12,1,1
GGGTGTCTCTCCTTAA-1,SeuratProject,1.15,4,4,4
GGTACCGCACAGTAGG-1,SeuratProject,2.43370540983217,19,1,1
GGTAGGAGTAGAACGC-1,SeuratProject,1.95833333333333,6,4,4
GGTAGGAGTATGAAGT-1,SeuratProject,3.01240224388764,15,0,0
GGTAGGATCCGCCTAT-1,SeuratProject,1.30509768009768,7,6,6
GGTGAAGAGCTACGTT-1,SeuratProject,2.28377454331015,13,0,0
GGTGAAGGTAGCAGCA-1,SeuratProject,2.19171363552169,10,1,1
GGTGAAGGTCAAATCC-1,SeuratProject,12.6948068525602,53,6,6
GGTGAAGTCAGATACC-1,SeuratProject,1.95955296313992,12,4,4
GGTGAAGTCGAACACT-1,SeuratProject,2.33333333333333,3,3,3
GGTGTCGAGTATACGA-1,SeuratProject,5.63333333333333,10,1,1
GGTGTCGGTGAGCTAG-1,SeuratProject,3.38162115662116,18,3,3
GGTGTCGTCAGTACAC-1,SeuratProject,2.75575396825397,9,0,0
GGTGTCGTCATTCTTG-1,SeuratProject,2.72584150443216,21,0,0
GGTTGCGCAAAGAGAG-1,SeuratProject,2.58469203998616,14,3,3
GTAATCGAGAGCGGTT-1,SeuratProject,1.45136372025907,10,0,0
GTAATCGAGTGATCTC-1,SeuratProject,1.33333333333333,3,2,2
GTAATCGGTTGTCGGC-1,SeuratProject,8.51020923520923,24,6,6
GTAATCGTCGTGGAAG-1,SeuratProject,4.3028194028194,17,4,4
GTAATCGTCTACATCT-1,SeuratProject,3.25950390574791,22,0,0
GTACTTTCACAGCTTA-1,SeuratProject,0.916666666666667,4,2,2
GTACTTTCACCCTTTG-1,SeuratProject,1.86588574823869,8,2,2
GTACTTTCATGGGTGA-1,SeuratProject,3.50761183261183,13,4,4
GTACTTTGTGGTTCTA-1,SeuratProject,2.16515151515152,6,4,4
GTACTTTTCCATGACA-1,SeuratProject,1.75116590714158,21,0,0
GTAGACTAGTGCTGAG-1,SeuratProject,1.29438951852745,8,0,0
GTAGACTGTCTGAGCC-1,SeuratProject,1.3989898989899,7,1,1
GTAGGAGCAATGTAAG-1,SeuratProject,1.69396551724138,6,3,3
GTAGGAGGTCTGATTG-1,SeuratProject,2.46094271591229,13,3,3
GTAGTACGTAAACGGC-1,SeuratProject,1.67857142857143,6,2,2
GTAGTACGTACGGATG-1,SeuratProject,6.671570598125,52,6,6
GTCACAACAGTCAGCC-1,SeuratProject,3.44891939546671,15,4,4
GTCACAATCCCAATGA-1,SeuratProject,2.28003663003663,8,1,1
GTCACAATCGGATAAA-1,SeuratProject,2.7508658008658,10,1,1
GTCACAATCGTAGCGC-1,SeuratProject,2.77884615384615,6,2,2
GTCACCTCATTTCTTG-1,SeuratProject,2.46785714285714,8,2,2
GTCACCTTCAGGTCTA-1,SeuratProject,2.0254329004329,7,5,5
GTCACGGAGCTAGCAG-1,SeuratProject,2.68650793650794,7,0,0
GTCACGGAGTAGCAAT-1,SeuratProject,1.15253896430367,5,2,2
GTCACGGCAACTTGGT-1,SeuratProject,1.88284632034632,8,0,0
GTCACGGCATGACTGT-1,SeuratProject,2.44444444444444,3,4,4
GTCACGGTCCGGCGAT-1,SeuratProject,2.63174603174603,7,3,3
GTCACTCAGCCATCAT-1,SeuratProject,2.36977612761372,19,4,4
GTCACTCTCCACTAGA-1,SeuratProject,5.87614052614053,18,1,1
GTCGTAAAGTCACACT-1,SeuratProject,1.76388888888889,6,0,0
GTCTACCGTACTTGAC-1,SeuratProject,1.91666666666667,4,3,3
GTCTACCGTCAACAGG-1,SeuratProject,1.27179356591121,7,3,3
GTCTACCTCACTACCC-1,SeuratProject,1.88650793650794,6,0,0
GTGACATTCATGAACC-1,SeuratProject,1.67460317460317,7,2,2
GTGACATTCCAATAGC-1,SeuratProject,1.57777541086365,9,1,1
GTGATCACAGGACCTC-1,SeuratProject,2.21154401154401,7,2,2
GTGATCATCACATCCC-1,SeuratProject,1.6047619047619,4,3,3
GTGCACGCAAGTTCGT-1,SeuratProject,2.775,7,4,4
GTGCACGTCGGGCTCA-1,SeuratProject,5.04318753142283,19,4,4
GTGCCAGAGCCGCTGT-1,SeuratProject,1.42121848739496,4,2,2
GTGCCAGAGGTCCTCG-1,SeuratProject,2.84757179483892,20,4,4
GTGCCAGAGTAGTCGG-1,SeuratProject,1.7249450308146,11,4,4
GTGCCAGGTACCCACG-1,SeuratProject,1.97636077372919,6,3,3
GTGCCAGGTTAAGTCC-1,SeuratProject,1.40217488474616,10,1,1
GTGCCAGTCTGATCCC-1,SeuratProject,1.35694444444444,5,0,0
GTGCTGGCAGCCACGT-1,SeuratProject,1.23696553044379,5,4,4
GTGCTGGCAGTCAGCC-1,SeuratProject,1.3034188034188,4,2,2
GTGCTGGGTATGTCCA-1,SeuratProject,1.22988345049798,10,0,0
GTGCTGGGTTTCCACC-1,SeuratProject,2.52031024531025,7,0,0
GTGCTGGTCGCACCTT-1,SeuratProject,1.12317225968121,6,2,2
GTGCTGGTCTGAGTAC-1,SeuratProject,2.33134920634921,8,0,0
GTGGATTCAAGCAGGT-1,SeuratProject,2.78888888888889,7,0,0
GTGGATTGTAAACGAT-1,SeuratProject,1.75485625485625,7,4,4
GTGGATTGTTACGCTA-1,SeuratProject,2.43984418152185,19,0,0
GTGGATTTCGGATGTT-1,SeuratProject,2.7435546727562,30,0,0
GTGGCGTTCCGTGCGA-1,SeuratProject,1.74404761904762,6,3,3
GTGTCAACACATAAAG-1,SeuratProject,2.47160874041679,10,1,1
GTGTCAACATTCACGA-1,SeuratProject,2.07304684043815,10,1,1
GTGTCCTAGCTATCGT-1,SeuratProject,2.26067441330599,9,0,0
GTGTCCTTCCGCTCTA-1,SeuratProject,3.34074259074259,13,3,3
GTGTGATAGAACGCCA-1,SeuratProject,1.64673382173382,7,0,0
GTGTGATAGCCGCTGT-1,SeuratProject,3.28250856724053,29,0,0
GTGTGATAGCGAATAT-1,SeuratProject,4.04259710877358,20,3,3
GTGTGATGTACGTAGG-1,SeuratProject,2.01813035200459,7,1,1
GTGTGATTCCTAAAGC-1,SeuratProject,1.49323629586787,8,2,2
GTGTGATTCTCTCAAT-1,SeuratProject,0.782495690771553,9,5,5
GTTACGAGTAACGGTG-1,SeuratProject,1.82577075487292,8,0,0
GTTACGAGTCAGTGTT-1,SeuratProject,2.42597022860181,10,1,1
GTTACGAGTCATAGCT-1,SeuratProject,2.72959524135995,13,1,1
GTTACTTCAGGCATTT-1,SeuratProject,2.20123291740939,8,1,1
GTTATGGAGCCAGAAC-1,SeuratProject,2.67857142857143,9,0,0
GTTATGGTCGATGTGT-1,SeuratProject,1.95079365079365,9,0,0
GTTATTCCAATCATCG-1,SeuratProject,4.6008658008658,13,5,5
GTTATTCGTATGCTAC-1,SeuratProject,1.43292929292929,5,0,0
GTTATTCTCGTTTGAG-1,SeuratProject,3.06700729095466,16,1,1
GTTCAAGAGGTGTCGA-1,SeuratProject,2.80622710622711,9,4,4
GTTCAAGGTTGCTTGA-1,SeuratProject,1.12692307692308,4,1,1
GTTCAAGTCCTTACGC-1,SeuratProject,1.04360084360084,5,2,2
GTTCAAGTCGGCTATA-1,SeuratProject,2.88038987156634,12,0,0
GTTGGGCAGTTTGGAA-1,SeuratProject,4.44047619047619,10,1,1
GTTGGGCGTATCTGCA-1,SeuratProject,2.06167169092805,22,1,1
GTTGGGCGTTTGTGAC-1,SeuratProject,2.92954545454545,9,2,2
GTTGGGCTCTTACTCA-1,SeuratProject,3.6265639589169,10,2,2
GTTGGTACAAGTAATG-1,SeuratProject,0.96336339099497,7,2,2
GTTGGTAGTCATAGCT-1,SeuratProject,1.71548035506056,10,1,1
GTTGGTAGTTTCGATG-1,SeuratProject,1.25649350649351,6,2,2
TAAACCGTCCTCCCAA-1,SeuratProject,1.50481509681147,14,0,0
TAAACCGTCGATCGCG-1,SeuratProject,1.55080808532021,11,1,1
TAACAGCAGAAAGCAG-1,SeuratProject,1.97431457431457,6,0,0
TAACAGCAGAGCTACG-1,SeuratProject,2.53333333333333,4,1,1
TAACAGCGTTTGAAGA-1,SeuratProject,2.39185340802988,11,3,3
TAACAGCTCTGTAGAC-1,SeuratProject,1.59272295394869,8,0,0
TAACGGTAGAAGCCGT-1,SeuratProject,3.65236769298102,14,0,0
TAACGGTCACTAGGAG-1,SeuratProject,2.01516761584149,25,0,0
TAACGGTGTCTGCACG-1,SeuratProject,1.325,3,2,2
TAACGGTTCCCTACGT-1,SeuratProject,2.31717171717172,7,0,0
TAACTTCAGAAATACC-1,SeuratProject,1.28321757763858,11,0,0
TAAGCCAGTTCTTTGT-1,SeuratProject,1.51984126984127,5,2,2
TAAGCCATCGCTCTAC-1,SeuratProject,1.93032779913585,10,4,4
TAAGCCATCGTTCCGT-1,SeuratProject,2.40492085359461,17,1,1
TAAGCCATCTCTATTG-1,SeuratProject,3.44642857142857,7,0,0
TAAGCCATCTTCACTA-1,SeuratProject,1.73556618819777,8,5,5
TAAGTGCAGGTGAACC-1,SeuratProject,2.10165943112338,10,0,0
TAAGTGCCACATAAAG-1,SeuratProject,1.5952380952381,4,2,2
TAAGTGCCATTCACCC-1,SeuratProject,4.54141414141414,15,3,3
TAAGTGCGTCCCTAAA-1,SeuratProject,0.796749226006192,4,4,4
TAATCGGGTGCGCATC-1,SeuratProject,1.98411172161172,6,0,0
TAATTCCAGACGTCAG-1,SeuratProject,2.13015873015873,7,3,3
TAATTCCAGATGGCAC-1,SeuratProject,2.51388278388278,16,4,4
TAATTCCCAAAGGAAG-1,SeuratProject,1.22945711861313,8,0,0
TAATTCCCATGGATGG-1,SeuratProject,1.72269756387403,10,4,4
TAATTCCGTAGAATAC-1,SeuratProject,1.21428571428571,6,6,6
TAATTCCGTCGATAGG-1,SeuratProject,4.20277777777778,13,5,5
TAATTCCGTTTCTCTA-1,SeuratProject,0.566666666666667,2,2,2
TAATTCCTCAATTCCT-1,SeuratProject,1.89377470355731,8,1,1
TACAGCAAGGATGTCG-1,SeuratProject,1.04142857142857,6,2,2
TACAGCAGTCCTTCAC-1,SeuratProject,1.80084541062802,8,0,0
TACAGCAGTTCCATCC-1,SeuratProject,1.25078369905956,7,1,1
TACATGGAGGAGAACA-1,SeuratProject,1.71840659340659,6,3,3
TACATGGAGGAGGCGA-1,SeuratProject,2.13976752225391,8,0,0
TACATTCAGTGTTCCA-1,SeuratProject,2.15900488400488,10,4,4
TACATTCCAACGTCCG-1,SeuratProject,8.09169719169719,21,2,2
TACCCTGAGGGCTCTC-1,SeuratProject,2.275,6,3,3
TACCCTGCACGTTACA-1,SeuratProject,2.10702434820082,8,1,1
TACCTATGTTGAAGCG-1,SeuratProject,4.58402248926015,38,2,2
TACCTATTCAAGAGAT-1,SeuratProject,1.87869973164091,8,1,1
TACCTCGAGGGAAGCG-1,SeuratProject,2.71892551892552,12,4,4
TACCTCGAGTCAACTC-1,SeuratProject,2.17207792207792,5,3,3
TACCTCGAGTCGACCC-1,SeuratProject,1.57222222222222,6,4,4
TACCTCGGTTTCTTAC-1,SeuratProject,1.24110384926328,12,3,3
TACCTCGTCCATAACG-1,SeuratProject,2.58775668775669,7,4,4
TACGCAAAGCATTCCA-1,SeuratProject,1.88695862506541,16,1,1
TACGCAAAGGCTTAAA-1,SeuratProject,4.25919913419913,11,0,0
TACGCAACATCACAGT-1,SeuratProject,1.18311799451825,10,4,4
TACGCAAGTAACTCCA-1,SeuratProject,2.27629119246766,9,2,2
TACGCAATCCAACGCG-1,SeuratProject,2.94749694749695,8,2,2
TACGGATAGGAACCGT-1,SeuratProject,1.49340659340659,5,3,3
TACTAGGAGCTACGCC-1,SeuratProject,2.3020202020202,7,0,0
TACTAGGGTAAGTGCG-1,SeuratProject,1.74230004990179,13,0,0
TACTCGCGTGCATTCA-1,SeuratProject,1.76467091490686,11,4,4
TACTGCCAGTCACACT-1,SeuratProject,2.05179624297271,8,3,3
TACTGCCCAGAACAGC-1,SeuratProject,1.69761904761905,4,0,0
TACTGCCCAGTATCTG-1,SeuratProject,1.36892551892552,5,3,3
TACTGCCGTTACGGAG-1,SeuratProject,2.26785714285714,8,0,0
TAGACTGGTACGACCC-1,SeuratProject,1.70455072091228,10,1,1
TAGACTGTCGGTCTCT-1,SeuratProject,5.43347763347763,18,0,0
TAGCACAAGTCTGGGA-1,SeuratProject,1.53851932381344,9,1,1
TAGCACACATCCTCGT-1,SeuratProject,1.86746031746032,7,5,5
TAGCATGAGTGCAACG-1,SeuratProject,2.33452380952381,5,4,4
TAGCATGTCCAGGTCG-1,SeuratProject,2.14165312564866,11,3,3
TAGCCCTTCTGAACGT-1,SeuratProject,2.04228884364708,10,0,0
TAGCGGCCAAGCAGGT-1,SeuratProject,2.20882352941176,7,2,2
TAGCGGCCACACACAT-1,SeuratProject,2.74822823077068,16,4,4
TAGCGGCTCCTGAAAC-1,SeuratProject,1.0276130873957,8,1,1
TAGCTTTGTGCAAGAC-1,SeuratProject,1.32942266562202,10,3,3
TAGCTTTTCGGGATCC-1,SeuratProject,1.875,8,0,0
TAGGAGGTCCCGATTC-1,SeuratProject,2.63855033855034,11,1,1
TAGGTCACATAGGCGA-1,SeuratProject,1.92043415521676,10,4,4
TAGGTCATCGCTTCAC-1,SeuratProject,2.30007857639437,9,4,4
TAGGTCATCGTGGTAT-1,SeuratProject,1.41656938576166,11,2,2
TAGGTGTAGAGTTCGG-1,SeuratProject,1.33333333333333,4,2,2
TAGGTGTAGGAGGCGA-1,SeuratProject,1.71582046600289,11,0,0
TAGGTGTCAAGACACG-1,SeuratProject,3.85272612664254,28,0,0
TAGGTGTGTAGTACAA-1,SeuratProject,2.77222222222222,5,3,3
TATCGAGAGAACTCCT-1,SeuratProject,2.15247055161283,13,0,0
TATCGAGCAAAGAGAG-1,SeuratProject,2.20658420315171,14,0,0
TATCGAGCATTCACCC-1,SeuratProject,1.04166666666667,3,0,0
TATCGAGGTGTGACCC-1,SeuratProject,1.71666666666667,4,0,0
TATCGAGGTTCTGAGT-1,SeuratProject,1.51885026737968,6,1,1
TATCGAGTCCCAGTAA-1,SeuratProject,3.46336996336996,11,2,2
TATCTGTAGTGCTAGG-1,SeuratProject,2.33394205115512,20,4,4
TATCTGTCATAAAGTG-1,SeuratProject,1.36437620350664,8,3,3
TATCTGTCATGGTATC-1,SeuratProject,2.91841491841492,11,2,2
TATCTGTGTATGGGTG-1,SeuratProject,3.4876744269849,21,1,1
TATCTGTTCATGAACC-1,SeuratProject,1.77555137844612,8,0,0
TATGTGGAGCCATCAT-1,SeuratProject,2.7988455988456,10,0,0
TATGTGGCACCTCGTT-1,SeuratProject,1.12857142857143,4,2,2
TATGTGGGTGGAAGCT-1,SeuratProject,1.60285866840036,13,1,1
TATGTTCCAGCGTAGA-1,SeuratProject,1.70143281696674,11,1,1
TATGTTCGTAGCAGGT-1,SeuratProject,1.57482745797374,13,1,1
TATGTTCGTCTGGGAA-1,SeuratProject,2.60372405372405,9,0,0
TATTGCTCAATTGCCA-1,SeuratProject,4.20536635706914,20,0,0
TATTGCTGTGCATCAT-1,SeuratProject,4.7510101010101,10,4,4
TATTGCTGTTATAGAG-1,SeuratProject,0.818931247963506,5,0,0
TATTGCTGTTTCTACT-1,SeuratProject,2.14409080608371,10,1,1
TATTGCTTCCATATCT-1,SeuratProject,2.529430482971,18,0,0
TCAAAGCGTGTCTCGG-1,SeuratProject,2.10579363428334,11,1,1
TCAAAGCTCGATAGGG-1,SeuratProject,1.63704245020034,12,1,1
TCAAGACGTAAACCCT-1,SeuratProject,1.97815693078851,8,1,1
TCAAGACGTATCACAC-1,SeuratProject,1.38636363636364,8,4,4
TCAAGACGTCTGTTGA-1,SeuratProject,2.17277167277167,7,3,3
TCAAGACTCAGTCAAC-1,SeuratProject,1.26990740740741,6,4,4
TCAAGACTCGCTACCT-1,SeuratProject,1.65251162960552,13,1,1
TCAAGCAAGTTCCAGT-1,SeuratProject,3.52539682539683,10,1,1
TCAAGCACAAGGGTAC-1,SeuratProject,1.90849673202614,7,0,0
TCAAGCATCAGATACC-1,SeuratProject,2.502529830803,16,3,3
TCAAGGTCAGAGTCGA-1,SeuratProject,1.91507936507936,7,4,4
TCAAGGTCAGTTGCAT-1,SeuratProject,1.96185481185481,9,2,2
TCAAGGTGTGATAACA-1,SeuratProject,1.92051282051282,6,4,4
TCAAGGTGTGGCCTCA-1,SeuratProject,3.36708754208754,10,0,0
TCAATTCCAAGCGAAC-1,SeuratProject,2.39577171194818,12,5,5
TCAATTCCATAAAGTG-1,SeuratProject,2.26363636363636,8,3,3
TCAATTCTCGATGTGT-1,SeuratProject,2.59715852306596,12,1,1
TCACAAGCAAATTGAG-1,SeuratProject,4.11868131868132,19,0,0
TCACAAGCATCACAAC-1,SeuratProject,3.47121212121212,10,1,1
TCACAGAAGGTTTCTG-1,SeuratProject,2.23023534772761,12,4,4
TCACAGACATTAGCCA-1,SeuratProject,2.32575377838536,15,1,1
TCACAGATCGCTTGAA-1,SeuratProject,1.08704028169972,8,0,0
TCACCACAGAAATTCG-1,SeuratProject,2.96478696741855,7,0,0
TCACCACGTTGGAGGT-1,SeuratProject,2.99563748944554,11,1,1
TCACCTGTCAGGTTTG-1,SeuratProject,3.45372025635184,14,4,4
TCACTCGAGCGGACTA-1,SeuratProject,2.93640607758255,14,2,2
TCACTCGAGTAATCAG-1,SeuratProject,2.378068946877,8,4,4
TCACTCGCATCGCCTT-1,SeuratProject,1.15829708049388,6,3,3
TCAGCTCTCCCAGTAA-1,SeuratProject,3.49291168028543,19,0,0
TCAGCTCTCCTTACGC-1,SeuratProject,1.84949811820521,9,0,0
TCAGGGCAGCGCAATG-1,SeuratProject,1.90891690009337,7,3,3
TCAGGGCAGTATCTGC-1,SeuratProject,1.90526399081891,13,1,1
TCAGGGCCAAGGAGGG-1,SeuratProject,1.93464052287582,9,4,4
TCAGGGCCATCATCGA-1,SeuratProject,1.23933452168746,7,0,0
TCAGGTAAGGTTTCTG-1,SeuratProject,2.84880952380952,6,0,0
TCAGGTATCGGGCTCA-1,SeuratProject,3.22555257922905,15,5,5
TCAGTCCGTGAGTTGG-1,SeuratProject,2.08184674802322,10,0,0
TCAGTTTAGGCTCCTG-1,SeuratProject,2.64263734631382,14,1,1
TCAGTTTCAAGGGTAC-1,SeuratProject,1.90910931174089,8,3,3
TCCAGAACAGGTCCTG-1,SeuratProject,2.1484010270775,10,4,4
TCCAGAACATGATCGT-1,SeuratProject,1.53704841620443,9,0,0
TCCAGAAGTAGTACAA-1,SeuratProject,4.11507936507936,14,5,5
TCCAGAATCATCGCAA-1,SeuratProject,2.01398192450824,8,1,1
TCCATCGGTCCAAGAG-1,SeuratProject,3.42996031746032,11,0,0
TCCATCGTCGGTCCGA-1,SeuratProject,1.63650793650794,5,3,3
TCCATCGTCTCTTCCT-1,SeuratProject,2.4,6,1,1
TCCCACAAGCGTCAAG-1,SeuratProject,1.93258022507249,10,2,2
TCCGACTTCGCTCTAC-1,SeuratProject,2.00238095238095,6,2,2
TCGATTTAGGTACACG-1,SeuratProject,2.14922608787279,12,1,1
TCGATTTCAGTTACAC-1,SeuratProject,3.11311327561328,14,3,3
TCGCAGGGTGATCAGG-1,SeuratProject,3.82773104088893,19,2,2
TCGCAGGTCACCCGGA-1,SeuratProject,2.25018469899435,9,0,0
TCGCAGGTCTTTGCAT-1,SeuratProject,2.59646464646465,7,4,4
TCGCCTAGTCGATAGG-1,SeuratProject,1.78077837195484,8,1,1
TCGGGACAGAGTTTGA-1,SeuratProject,2.64611032242611,10,4,4
TCGGGACCATGGAGGT-1,SeuratProject,3.41909561027208,14,0,0
TCGGGACGTCTCTGCT-1,SeuratProject,2.55539753933717,12,3,3
TCGGGACTCCAAGAGG-1,SeuratProject,3.0515984015984,10,0,0
TCGTTCGAGAGCCACA-1,SeuratProject,1.91482026745185,11,1,1
TCGTTCGAGGCAGATC-1,SeuratProject,2.54570707070707,9,1,1
TCGTTCGAGGTACTCT-1,SeuratProject,2.63578643578644,7,1,1
TCGTTCGCATATACGC-1,SeuratProject,1.27455322455322,6,2,2
TCTAGTTAGCTTACCA-1,SeuratProject,1.60119047619048,7,0,0
TCTAGTTAGGACCGAT-1,SeuratProject,2.11235606498764,12,4,4
TCTAGTTGTCACAGGA-1,SeuratProject,3.955772005772,11,1,1
TCTAGTTGTGTGTGTT-1,SeuratProject,1.60931496365211,7,0,0
TCTATTGCAAGGTTCT-1,SeuratProject,0.466666666666667,2,2,2
TCTATTGGTCAGAGTG-1,SeuratProject,1.95649350649351,10,2,2
TCTATTGGTCAGGTGA-1,SeuratProject,2.70039682539683,7,3,3
TCTATTGGTTTCCACC-1,SeuratProject,2.1978565122528,11,2,2
TCTCAGCAGTATACGA-1,SeuratProject,1.54466726084373,6,3,3
TCTCTGGCACCTATTT-1,SeuratProject,0.68671679197995,4,3,3
TCTCTGGCACGATATC-1,SeuratProject,0.611111111111111,2,4,4
TCTCTGGGTCGGCTGT-1,SeuratProject,1.86270912162966,8,1,1
TCTCTGGGTGAGTCGA-1,SeuratProject,2.07062049062049,11,4,4
TCTCTGGTCGCCTTAC-1,SeuratProject,1.60223665223665,8,3,3
TGAATCGTCGCACCGA-1,SeuratProject,1.20581302755216,5,4,4
TGACAACTCCAACGCG-1,SeuratProject,2.07556247457143,11,0,0
TGACAACTCGGTTCCT-1,SeuratProject,1.3957264957265,5,3,3
TGACTCCCATAGATAG-1,SeuratProject,2.39112276612277,8,0,0
TGAGTCAAGTGTCACT-1,SeuratProject,1.70261013496308,7,3,3
TGAGTCAGTCATCGTA-1,SeuratProject,2.53133153396311,10,1,1
TGATCAGAGGATCCTT-1,SeuratProject,2.93055555555556,8,2,2
TGATCAGAGGGTGTTG-1,SeuratProject,10.4694916194916,34,6,6
TGATCAGAGTCTCTAG-1,SeuratProject,3.068509529686,11,0,0
TGATCAGCAATTCTCT-1,SeuratProject,2.35238095238095,6,2,2
TGATCAGTCTTAATCC-1,SeuratProject,2.57306896066049,17,0,0
TGATGCAAGGGTGTTG-1,SeuratProject,2.10323472562369,20,4,4
TGATGCAGTTTGACCA-1,SeuratProject,1.35833333333333,5,4,4
TGATGCATCGATCGCG-1,SeuratProject,0.947222222222222,4,3,3
TGATTTCAGTTGGAAT-1,SeuratProject,1.14444444444444,6,4,4
TGATTTCCACTTGCGG-1,SeuratProject,1.37863606981254,6,2,2
TGATTTCCAGGATGTG-1,SeuratProject,1.89199457651071,12,2,2
TGATTTCGTTTGAAGA-1,SeuratProject,2.67779918297653,17,3,3
TGATTTCTCGTATAGC-1,SeuratProject,1.44253246753247,6,3,3
TGCACCTAGATGGCAC-1,SeuratProject,1.83333333333333,3,1,1
TGCACCTAGGAGAACA-1,SeuratProject,2.42826617826618,7,2,2
TGCACCTCAAACTACC-1,SeuratProject,4.77022422022422,17,1,1
TGCACCTGTCAGAGTG-1,SeuratProject,3.92187812187812,16,0,0
TGCACCTGTGCGACCT-1,SeuratProject,1.93316802867045,13,4,4
TGCACCTGTTAAGTCC-1,SeuratProject,1.50382790531158,6,4,4
TGCATGACAGATTTGC-1,SeuratProject,1.83968253968254,7,0,0
TGCATTTAGCATGATA-1,SeuratProject,1.76190476190476,5,0,0
TGCATTTAGCCTCGCA-1,SeuratProject,1.90271875340525,10,0,0
TGCATTTCACCTACCT-1,SeuratProject,4.89563492063492,13,1,1
TGCATTTGTCGCGCTA-1,SeuratProject,2.44407993966817,10,1,1
TGCATTTTCGTGTGCG-1,SeuratProject,1.45324675324675,7,0,0
TGCCTCAGTGACGCAA-1,SeuratProject,2.42403127917834,6,3,3
TGCCTCATCGTATAGC-1,SeuratProject,2.27738095238095,9,0,0
TGCCTCATCTTAATCC-1,SeuratProject,1.93854401479401,13,0,0
TGCCTGTAGCTCGTTA-1,SeuratProject,2.49232238349885,8,2,2
TGCCTGTGTTTCTTAC-1,SeuratProject,2.00421698184856,11,1,1
TGCCTGTTCTCTCAAT-1,SeuratProject,1.70850611376927,8,0,0
TGCGTAAAGTCTCGAT-1,SeuratProject,1.76091402937753,11,1,1
TGCGTAACACATAAAG-1,SeuratProject,2.41848764262557,10,1,1
TGCGTAACACGGTTAT-1,SeuratProject,2.04087301587302,7,4,4
TGCGTAATCCTGTGGG-1,SeuratProject,2.17874800637958,9,3,3
TGCGTAATCGGTCTCT-1,SeuratProject,1.30467532467532,5,2,2
TGCTATTCAGGGTAAC-1,SeuratProject,2.50536965104042,18,1,1
TGCTATTTCGCACCGA-1,SeuratProject,2.08869047619048,8,5,5
TGCTATTTCGTTGTTT-1,SeuratProject,2.02142857142857,7,3,3
TGCTCACGTTCTTTCA-1,SeuratProject,2.21666666666667,4,2,2
TGCTCACGTTTCGACA-1,SeuratProject,2.9276628600158,12,4,4
TGCTCGTCATTAAGGA-1,SeuratProject,22.639198093033,143,6,6
TGCTCGTTCGCTAGTA-1,SeuratProject,2.08903516380869,16,0,0
TGCTTCGAGAACGACC-1,SeuratProject,2.34801918416269,10,0,0
TGCTTCGCAAATTGAG-1,SeuratProject,2.43459595959596,8,4,4
TGCTTCGGTATTCGCA-1,SeuratProject,1.46808966999184,10,2,2
TGCTTCGGTGCGTAGA-1,SeuratProject,2.23333333333333,5,0,0
TGCTTCGTCTTACCTA-1,SeuratProject,3.16820679320679,8,2,2
TGCTTTACAGAACTTC-1,SeuratProject,1.78051948051948,6,2,2
TGGAAGGGTCGACTGC-1,SeuratProject,2.68884399054678,9,0,0
TGGACATCAGGGAGTT-1,SeuratProject,2.77623291740939,9,1,1
TGGCAATAGTCCAGAG-1,SeuratProject,0.952380952380952,4,2,2
TGGCAATCAAAGAGAG-1,SeuratProject,2.71038961038961,10,0,0
TGGCAATCATCTCACC-1,SeuratProject,2.47097967392085,13,5,5
TGGCCTTGTAAGCCGA-1,SeuratProject,2.13613952827508,10,0,0
TGGCCTTGTAATGCCT-1,SeuratProject,1.71148459383753,6,1,1
TGGCCTTTCCCGTATC-1,SeuratProject,1.3949494949495,6,0,0
TGGCGCAGTACTTCAG-1,SeuratProject,2.06199874686717,6,0,0
TGGCGCATCCAGGGAA-1,SeuratProject,2.32619047619048,6,1,1
TGGGTGCCAATCACTG-1,SeuratProject,2.1921281333046,10,4,4
TGGGTGCCATTTGTTC-1,SeuratProject,1.04285683058062,5,0,0
TGGGTGCGTCTCTGCT-1,SeuratProject,2.31190476190476,9,4,4
TGGTCAAAGCATGTGG-1,SeuratProject,1.92015461020038,11,0,0
TGGTCAACATGATCGT-1,SeuratProject,1.85081106632831,9,2,2
TGGTCAAGTATTCGCA-1,SeuratProject,2.10326280709912,9,3,3
TGGTCAATCGCTATTT-1,SeuratProject,1.4569417510594,7,1,1
TGGTCCTCAATGCATC-1,SeuratProject,1.28571428571429,4,3,3
TGGTCCTTCCGTGCAG-1,SeuratProject,2.71666666666667,7,4,4
TGTACAGAGCCTGTAT-1,SeuratProject,2.66256243756244,12,2,2
TGTACAGCATTAACGC-1,SeuratProject,2.16969696969697,7,1,1
TGTACGAAGTTCGCGC-1,SeuratProject,1.52765567765568,5,0,0
TGTACGATCGCCACTT-1,SeuratProject,3.37308802308802,11,3,3
TGTAGCATCCAGTTAG-1,SeuratProject,1.69060842255302,12,0,0
TGTAGCATCGAGAACG-1,SeuratProject,1.90510816582798,9,0,0
TGTGACAAGCGTTGCC-1,SeuratProject,1.7377843192225,14,4,4
TGTGACAAGCTGGAGT-1,SeuratProject,2.97895437895438,13,1,1
TGTGACAGTGGAAGCT-1,SeuratProject,1.60920144371757,13,1,1
TGTGACAGTTAAGGGC-1,SeuratProject,0.580535048027308,4,2,2
TGTGGCGAGTGTCGGA-1,SeuratProject,2.14120418533988,15,0,0
TGTGGCGGTAATGCAA-1,SeuratProject,3.02002801120448,11,4,4
TGTGGCGGTGCAAAGC-1,SeuratProject,1.98887501387501,8,0,0
TGTGTCCCATCCCGGA-1,SeuratProject,1.86233766233766,9,0,0
TGTTAGGGTGAGTTGG-1,SeuratProject,1.35440115440115,7,5,5
TGTTAGGTCCCGAAGC-1,SeuratProject,1.18422459893048,4,0,0
TTAACGGGTCTGCGCA-1,SeuratProject,1.87460317460317,9,0,0
TTACCCGGTGGCATAG-1,SeuratProject,1.94966181479339,8,0,0
TTACCCGGTTCCGCGA-1,SeuratProject,1.49953781512605,7,2,2
TTACCCGTCGCACAAT-1,SeuratProject,3.15336134453782,9,3,3
TTACCCGTCTTCACTA-1,SeuratProject,2.69584286803966,8,0,0
TTACCGCAGTCGTACT-1,SeuratProject,2.20624271941535,13,1,1
TTACCGCCACACACCG-1,SeuratProject,3.91175768675769,13,1,1
TTACCGCCAGAACGAC-1,SeuratProject,1.41373116048039,7,1,1
TTACCGCCAGAACTTC-1,SeuratProject,3.27012526092222,24,1,1
TTACCGCGTATTGTGC-1,SeuratProject,0.985714285714286,4,3,3
TTACCGCGTCGAGGTA-1,SeuratProject,2.25357142857143,7,3,3
TTACGGACACTCCCAT-1,SeuratProject,0.863389242336611,6,4,4
TTACGGAGTAACTGAA-1,SeuratProject,1.49956043956044,8,0,0
TTACGGATCCCGCAAG-1,SeuratProject,1.06038961038961,5,5,5
TTACGGATCGTAGCGC-1,SeuratProject,1.02173691409807,13,1,1
TTACGGATCTCCACTG-1,SeuratProject,3.6953823953824,14,1,1
TTACGTTAGACTCGGA-1,SeuratProject,2.06820705499805,12,0,0
TTACGTTGTACGGATG-1,SeuratProject,3.17492127755286,14,0,0
TTACGTTGTCAGCAAG-1,SeuratProject,2.62510822510823,7,4,4
TTACTCAAGATGAGGA-1,SeuratProject,4.15793650793651,10,4,4
TTACTCAAGTATACGA-1,SeuratProject,1.31344402495298,4,3,3
TTACTCACACCACCAG-1,SeuratProject,1.75882352941176,6,3,3
TTACTTGAGACTCGGA-1,SeuratProject,1.62070707070707,7,5,5
TTACTTGCATCGTGAT-1,SeuratProject,6.40632875896034,29,3,3
TTAGCGAGTGTTGGTT-1,SeuratProject,4.68305988765947,38,3,3
TTAGCTTTCCATACGA-1,SeuratProject,1.54285714285714,4,3,3
TTAGGTGCAGCGTGAA-1,SeuratProject,2.52467532467532,8,3,3
TTAGGTGGTACGGTTT-1,SeuratProject,0.854166666666667,3,2,2
TTAGGTGGTTCCATCC-1,SeuratProject,1.48571428571429,4,3,3
TTATGTCGTTTCAGCA-1,SeuratProject,1.7510101010101,5,4,4
TTCAACTAGCAATAAC-1,SeuratProject,0.95,3,2,2
TTCAACTGTACGCAAG-1,SeuratProject,2.34243060860708,9,3,3
TTCAACTGTTGGAGGT-1,SeuratProject,1.85415172683715,12,0,0
TTCAACTTCAGCACGC-1,SeuratProject,3.32142857142857,7,4,4
TTCATCACAAGGGTAC-1,SeuratProject,1.32475857475857,4,2,2
TTCATCAGTTAGAGAT-1,SeuratProject,2.24365079365079,11,1,1
TTCATTGCAGATTTGC-1,SeuratProject,2.01005187622835,8,4,4
TTCATTGTCTCCCTTT-1,SeuratProject,1.60238095238095,5,0,0
TTCGATTAGATTACGA-1,SeuratProject,1.08534186401833,5,0,0
TTCGATTGTAAGCCGA-1,SeuratProject,2.86753052503053,14,1,1
TTCGATTGTCCAACCG-1,SeuratProject,1.5915404040404,5,0,0
TTCGATTGTTTAAGCC-1,SeuratProject,1.80730837789661,10,1,1
TTCGATTTCATTGCCC-1,SeuratProject,3.76031746031746,12,2,2
TTCGCGTAGTTAGCGG-1,SeuratProject,2.78592796092796,9,1,1
TTCGCGTAGTTCGACT-1,SeuratProject,2.51234917043741,10,2,2
TTCGCGTGTTTCCACC-1,SeuratProject,1.47222222222222,5,2,2
TTCGGTCAGCAGAAAG-1,SeuratProject,0.875615887380593,4,2,2
TTCGGTCCACACACAT-1,SeuratProject,2.03949270247445,9,1,1
TTCGGTCGTCGATAGG-1,SeuratProject,3.352886002886,12,0,0
TTCGGTCGTGACAAGC-1,SeuratProject,1.09077841662981,5,0,0
TTCGGTCGTTGTGAGG-1,SeuratProject,1.08437921727395,6,3,3
TTCGGTCTCCCTATTA-1,SeuratProject,2.29761904761905,8,1,1
TTCGTTAAGCAGGAGG-1,SeuratProject,1.10378824391982,9,3,3
TTCGTTAAGGTACATA-1,SeuratProject,2.38173733731009,13,1,1
TTCGTTAAGGTTAACA-1,SeuratProject,6.64545454545455,27,6,6
TTCGTTACACCTCGTT-1,SeuratProject,3.12142857142857,9,4,4
TTCGTTACACTAGGAG-1,SeuratProject,2.01431207681208,11,0,0
TTCGTTACACTCAAGT-1,SeuratProject,3.06534664166243,13,2,2
TTCGTTAGTCTGGTTA-1,SeuratProject,2.30304418641667,17,1,1
TTCTAACCACCGAATT-1,SeuratProject,2.52467532467532,8,0,0
TTCTAACCAGAAGTGC-1,SeuratProject,1.70917561671364,11,1,1
TTCTAACCAGCAACAG-1,SeuratProject,2.94187762186214,15,0,0
TTCTAACTCATGTTCT-1,SeuratProject,1.44098238326499,10,1,1
TTCTGTAAGATAGGTT-1,SeuratProject,1.53934785819011,10,4,4
TTCTGTAAGGTTCGAG-1,SeuratProject,1.56633644133644,8,3,3
TTCTGTACACCACGAC-1,SeuratProject,2.28298368298368,9,2,2
TTCTGTATCGAACCGC-1,SeuratProject,2.58202075702076,11,2,2
TTGACGAAGAATCAAC-1,SeuratProject,2.11642614523419,9,1,1
TTGAGCAAGTATGCTC-1,SeuratProject,2.7967032967033,8,4,4
TTGAGCACAGAAAGAG-1,SeuratProject,2.62625776213323,21,0,0
TTGAGCACAGATTAAG-1,SeuratProject,1.87467948717949,7,3,3
TTGAGCAGTAAAGCTA-1,SeuratProject,3.58174603174603,12,0,0
TTGAGCAGTCCTATTT-1,SeuratProject,1.08891353296051,7,4,4
TTGAGTGAGCCCATGC-1,SeuratProject,1.92554945054945,7,2,2
TTGAGTGAGTGAATAC-1,SeuratProject,1.3616317016317,7,2,2
TTGAGTGTCGATCTTT-1,SeuratProject,1.68385960444784,8,2,2
TTGCACCAGGAGTCTG-1,SeuratProject,1.45309160631703,11,1,1
TTGCAGAAGAGGCAGG-1,SeuratProject,1.79833333333333,5,0,0
TTGCAGAGTAGTGATA-1,SeuratProject,2.10838966588967,10,1,1
TTGCAGATCTTGTCGC-1,SeuratProject,2.07744123065331,12,1,1
TTGCCCATCACCGCGA-1,SeuratProject,2.2821870482478,15,0,0
TTGCCCATCCATGACA-1,SeuratProject,2.28269140488031,17,4,4
TTGCGAAAGTCCCTCT-1,SeuratProject,2.72857142857143,7,1,1
TTGCGAATCAGGATCT-1,SeuratProject,1.93930005024365,10,0,0
TTGCGGGGTCGTAATC-1,SeuratProject,1.71890019165561,12,0,0
TTGCGGGGTGAAACAT-1,SeuratProject,2.3923538335303,12,4,4
TTGCGGGGTGCTGTCG-1,SeuratProject,7.08694165311812,27,2,2
TTGCGGGTCCCACTTG-1,SeuratProject,2.37359307359307,7,0,0
TTGCTATAGAGCTGTG-1,SeuratProject,1.37045580023841,9,1,1
TTGCTATAGGGCATTG-1,SeuratProject,1.60714285714286,5,3,3
TTGCTATTCCAAACCA-1,SeuratProject,1.87009461127108,8,4,4
TTGCTATTCCAGAGAG-1,SeuratProject,1.03304093567251,5,3,3
TTGCTTAGTTGTCGGC-1,SeuratProject,2.5547619047619,6,1,1
TTGCTTATCACAACAC-1,SeuratProject,3.38956043956044,10,0,0
TTGCTTATCTCTTAAC-1,SeuratProject,1.89285714285714,5,2,2
TTGGTCCTCCCGAAGC-1,SeuratProject,1.96289592760181,6,0,0
TTGTCTAAGTGCCCTG-1,SeuratProject,1.83781303309529,26,1,1
TTGTCTACACTAGCCG-1,SeuratProject,24.6943587147557,96,1,1
TTGTCTATCCTCCTGA-1,SeuratProject,1.2284126984127,5,1,1
TTGTCTATCGGTTAGT-1,SeuratProject,1.02752774877799,9,0,0
TTGTCTATCTCTGAGA-1,SeuratProject,2.05675342201658,12,1,1
TTGTTCAGTTGGAGGT-1,SeuratProject,4.81197691197691,11,1,1
TTGTTGTGTCGCTACG-1,SeuratProject,9.80691093821899,33,4,4
TTGTTGTTCCGCCTAT-1,SeuratProject,2.16813017048311,12,4,4
TTTACGTAGAGGCCTA-1,SeuratProject,1.53788554051039,17,4,4
TTTACGTAGAGTCCGA-1,SeuratProject,1.72529237426311,12,2,2
TTTACGTAGTACTCTG-1,SeuratProject,1.78314544932192,10,0,0
TTTACGTTCCATAACG-1,SeuratProject,2.13737373737374,8,2,2
TTTGAGGAGCAGAGCT-1,SeuratProject,1.44871794871795,5,3,3
TTTGAGGCAAACCTAC-1,SeuratProject,2.69520118089123,16,0,0
TTTGAGGCAGCTATAC-1,SeuratProject,0.938912373316398,6,1,1
TTTGAGGGTGCTTGAT-1,SeuratProject,7.73015873015873,22,0,0
TTTGGCCCAAGATGCG-1,SeuratProject,5.16729936729937,19,0,0
TTTGGCCGTTTCCGGG-1,SeuratProject,2.40811965811966,7,3,3
TTTGGCCTCTCTATCA-1,SeuratProject,2.94188034188034,10,2,2
TTTGGTTCATGCACTA-1,SeuratProject,2.12280497280497,9,0,0
TTTGGTTCATGGAGGT-1,SeuratProject,2.42999745352687,10,3,3
TTTGGTTGTCTGGATT-1,SeuratProject,1.49935064935065,6,2,2
TTTGGTTGTTCACGTA-1,SeuratProject,1.9869298245614,8,4,4
TTTGTGTAGAATATCG-1,SeuratProject,1.73334926190156,9,0,0
TTTGTGTGTTATAGAG-1,SeuratProject,3.99339826839827,11,4,4
